matId,matBaseRetId,matBaseStaId,matSuggestedStaId,matApproved,matApprovedBy,matApprovedOn,matSuggestedOn,matManufacturerScore,matPartNumberScore,matProductNameScore,matPriceScore,matAverageScore
84089,1,2,466,0,NULL,NULL,"2019-02-05 17:22:29",100,78,49,0,80.75
84090,1,2,476,0,NULL,NULL,"2019-02-05 17:22:29",100,100,57,1,88.6
84091,1,2,491,0,NULL,NULL,"2019-02-05 17:22:29",100,22,39,0,62.45
84092,1,2,494,0,NULL,NULL,"2019-02-05 17:22:29",100,29,11,0,60.35
84093,1,2,502,0,NULL,NULL,"2019-02-05 17:22:29",100,13,40,0,59.9
84110,1,3,466,0,NULL,NULL,"2019-02-05 17:22:29",100,29,31,0,63.35
84111,1,3,476,0,NULL,NULL,"2019-02-05 17:22:29",100,29,31,0,63.35
84112,1,3,491,0,NULL,NULL,"2019-02-05 17:22:29",100,14,34,0,59.3
84113,1,3,494,0,NULL,NULL,"2019-02-05 17:22:29",100,80,10,1,75.55
84114,1,3,502,0,NULL,NULL,"2019-02-05 17:22:29",100,18,32,0,60.2
84131,1,7,466,0,NULL,NULL,"2019-02-05 17:22:30",100,11,31,0,57.95
84132,1,7,476,0,NULL,NULL,"2019-02-05 17:22:30",100,21,32,1,61.15
84133,1,7,491,0,NULL,NULL,"2019-02-05 17:22:30",100,32,36,0,65
84134,1,7,494,0,NULL,NULL,"2019-02-05 17:22:30",100,13,4,1,54.55
84135,1,7,502,0,NULL,NULL,"2019-02-05 17:22:30",100,25,35,0,62.75
84152,1,13,577,0,NULL,NULL,"2019-02-05 17:22:30",100,0,31,0,54.65
84153,1,19,475,0,NULL,NULL,"2019-02-05 17:22:30",100,0,36,0,55.4
84154,1,19,545,0,NULL,NULL,"2019-02-05 17:22:30",100,15,38,0,60.2
84155,1,19,546,0,NULL,NULL,"2019-02-05 17:22:30",100,18,35,0,60.65
84156,1,19,555,0,NULL,NULL,"2019-02-05 17:22:30",100,18,51,0,63.05
84157,1,19,557,0,NULL,NULL,"2019-02-05 17:22:30",100,0,49,0,57.35
84162,1,21,461,0,NULL,NULL,"2019-02-05 17:22:30",100,14,49,0,61.55
84163,1,21,473,0,NULL,NULL,"2019-02-05 17:22:30",100,0,46,0,56.9
84164,1,21,481,0,NULL,NULL,"2019-02-05 17:22:30",100,0,53,0,57.95
84165,1,21,485,0,NULL,NULL,"2019-02-05 17:22:30",100,0,55,0,58.25
84166,1,21,486,0,NULL,NULL,"2019-02-05 17:22:30",100,0,47,0,57.05
84193,1,23,466,0,NULL,NULL,"2019-02-05 17:22:30",100,14,24,0,57.8
84194,1,23,476,0,NULL,NULL,"2019-02-05 17:22:30",100,14,24,1,57.85
84195,1,23,491,0,NULL,NULL,"2019-02-05 17:22:30",100,43,32,0,67.7
84196,1,23,494,0,NULL,NULL,"2019-02-05 17:22:30",100,20,4,0,56.6
84197,1,23,502,0,NULL,NULL,"2019-02-05 17:22:30",100,36,27,0,64.85
84214,1,24,480,0,NULL,NULL,"2019-02-05 17:22:30",100,53,71,0,76.55
84215,1,24,489,0,NULL,NULL,"2019-02-05 17:22:30",100,40,72,0,72.8
84216,1,24,509,0,NULL,NULL,"2019-02-05 17:22:30",100,80,79,0,85.85
84217,1,24,529,0,NULL,NULL,"2019-02-05 17:22:30",100,27,68,0,68.3
84218,1,24,539,0,NULL,NULL,"2019-02-05 17:22:30",100,40,67,0,72.05
84224,1,25,468,0,NULL,NULL,"2019-02-05 17:22:30",100,43,12,0,64.7
84225,1,25,469,0,NULL,NULL,"2019-02-05 17:22:30",100,50,6,0,65.9
84226,1,25,482,0,NULL,NULL,"2019-02-05 17:22:30",100,55,26,0,70.4
84227,1,25,495,0,NULL,NULL,"2019-02-05 17:22:30",100,33,12,0,61.7
84228,1,25,503,0,NULL,NULL,"2019-02-05 17:22:30",100,29,12,0,60.5
84240,1,27,466,0,NULL,NULL,"2019-02-05 17:22:30",100,50,14,1,67.15
84241,1,27,476,0,NULL,NULL,"2019-02-05 17:22:30",100,57,15,0,69.35
84242,1,27,491,0,NULL,NULL,"2019-02-05 17:22:30",100,21,19,0,59.15
84243,1,27,494,0,NULL,NULL,"2019-02-05 17:22:30",100,25,4,0,58.1
84244,1,27,502,0,NULL,NULL,"2019-02-05 17:22:30",100,16,21,1,58
84261,1,29,466,0,NULL,NULL,"2019-02-05 17:22:31",100,15,17,0,57.05
84262,1,29,476,0,NULL,NULL,"2019-02-05 17:22:31",100,23,14,0,59
84263,1,29,491,0,NULL,NULL,"2019-02-05 17:22:31",100,15,19,0,57.35
84264,1,29,494,0,NULL,NULL,"2019-02-05 17:22:31",100,9,3,0,53.15
84265,1,29,502,0,NULL,NULL,"2019-02-05 17:22:31",100,26,21,0,60.95
84282,1,31,461,0,NULL,NULL,"2019-02-05 17:22:31",100,30,59,1,67.9
84283,1,31,473,0,NULL,NULL,"2019-02-05 17:22:31",100,32,61,1,68.8
84284,1,31,481,0,NULL,NULL,"2019-02-05 17:22:31",100,15,33,0,59.45
84285,1,31,485,0,NULL,NULL,"2019-02-05 17:22:31",100,0,33,0,54.95
84286,1,31,486,0,NULL,NULL,"2019-02-05 17:22:31",100,9,37,0,58.25
84313,1,32,466,0,NULL,NULL,"2019-02-05 17:22:31",100,5,23,0,54.95
84314,1,32,476,0,NULL,NULL,"2019-02-05 17:22:31",100,5,26,0,55.4
84315,1,32,491,0,NULL,NULL,"2019-02-05 17:22:31",100,5,43,0,57.95
84316,1,32,494,0,NULL,NULL,"2019-02-05 17:22:31",100,0,9,0,51.35
84317,1,32,502,0,NULL,NULL,"2019-02-05 17:22:31",100,0,38,0,55.7
84340,1,36,460,0,NULL,NULL,"2019-02-05 17:22:31",100,0,24,0,53.6
84341,1,36,498,0,NULL,NULL,"2019-02-05 17:22:31",100,0,35,1,55.3
84342,1,36,525,0,NULL,NULL,"2019-02-05 17:22:31",100,0,39,0,55.85
84343,1,36,526,0,NULL,NULL,"2019-02-05 17:22:31",100,0,32,0,54.8
84344,1,36,536,0,NULL,NULL,"2019-02-05 17:22:31",100,0,35,1,55.3
84350,1,39,468,0,NULL,NULL,"2019-02-05 17:22:31",100,5,17,0,54.05
84351,1,39,469,0,NULL,NULL,"2019-02-05 17:22:31",100,0,8,0,51.2
84352,1,39,482,0,NULL,NULL,"2019-02-05 17:22:31",100,0,19,0,52.85
84353,1,39,495,0,NULL,NULL,"2019-02-05 17:22:31",100,0,16,0,52.4
84354,1,39,503,0,NULL,NULL,"2019-02-05 17:22:31",100,5,14,0,53.6
84366,1,40,468,0,NULL,NULL,"2019-02-05 17:22:31",100,5,14,0,53.6
84367,1,40,469,0,NULL,NULL,"2019-02-05 17:22:31",100,0,10,0,51.5
84368,1,40,482,0,NULL,NULL,"2019-02-05 17:22:31",100,0,28,0,54.2
84369,1,40,495,0,NULL,NULL,"2019-02-05 17:22:31",100,0,16,0,52.4
84370,1,40,503,0,NULL,NULL,"2019-02-05 17:22:31",100,5,14,0,53.6
84382,1,43,577,0,NULL,NULL,"2019-02-05 17:22:31",100,26,27,0,61.85
84383,1,45,460,0,NULL,NULL,"2019-02-05 17:22:31",100,0,24,0,53.6
84384,1,45,498,0,NULL,NULL,"2019-02-05 17:22:31",100,0,48,1,57.25
84385,1,45,525,0,NULL,NULL,"2019-02-05 17:22:31",100,0,34,0,55.1
84386,1,45,526,0,NULL,NULL,"2019-02-05 17:22:31",100,0,31,0,54.65
84387,1,45,536,0,NULL,NULL,"2019-02-05 17:22:31",100,0,48,1,57.25
84424,1,50,577,0,NULL,NULL,"2019-02-05 17:22:32",100,0,32,0,54.8
84425,1,51,466,0,NULL,NULL,"2019-02-05 17:22:32",100,0,41,0,56.15
84426,1,51,476,0,NULL,NULL,"2019-02-05 17:22:32",100,12,43,0,60.05
84427,1,51,491,0,NULL,NULL,"2019-02-05 17:22:32",100,12,46,0,60.5
84428,1,51,494,0,NULL,NULL,"2019-02-05 17:22:32",100,0,4,1,50.65
84429,1,51,502,0,NULL,NULL,"2019-02-05 17:22:32",100,29,29,0,63.05
84446,1,52,463,0,NULL,NULL,"2019-02-05 17:22:32",100,0,29,0,54.35
84447,1,52,464,0,NULL,NULL,"2019-02-05 17:22:32",100,30,23,0,62.45
84448,1,52,467,0,NULL,NULL,"2019-02-05 17:22:32",100,48,30,0,68.9
84449,1,52,471,0,NULL,NULL,"2019-02-05 17:22:32",100,50,28,0,69.2
84450,1,52,472,0,NULL,NULL,"2019-02-05 17:22:32",100,48,28,0,68.6
84463,1,53,577,0,NULL,NULL,"2019-02-05 17:22:32",100,26,29,0,62.15
84464,1,54,490,0,NULL,NULL,"2019-02-05 17:22:32",100,4,29,0,55.55
84465,1,54,496,0,NULL,NULL,"2019-02-05 17:22:32",100,5,23,0,54.95
84466,1,54,513,0,NULL,NULL,"2019-02-05 17:22:32",100,5,33,0,56.45
84467,1,54,527,0,NULL,NULL,"2019-02-05 17:22:32",100,4,26,0,55.1
84468,1,54,579,0,NULL,NULL,"2019-02-05 17:22:32",100,9,12,0,54.5
84469,1,57,480,0,NULL,NULL,"2019-02-05 17:22:32",100,75,48,0,79.7
84470,1,57,489,0,NULL,NULL,"2019-02-05 17:22:32",100,62,50,0,76.1
84471,1,57,509,0,NULL,NULL,"2019-02-05 17:22:32",100,88,45,0,83.15
84472,1,57,529,0,NULL,NULL,"2019-02-05 17:22:32",100,50,47,0,72.05
84473,1,57,539,0,NULL,NULL,"2019-02-05 17:22:32",100,62,46,0,75.5
84479,1,60,490,0,NULL,NULL,"2019-02-05 17:22:32",100,4,31,0,55.85
84480,1,60,496,0,NULL,NULL,"2019-02-05 17:22:32",100,5,25,0,55.25
84481,1,60,513,0,NULL,NULL,"2019-02-05 17:22:32",100,5,33,0,56.45
84482,1,60,527,0,NULL,NULL,"2019-02-05 17:22:32",100,4,27,0,55.25
84483,1,60,579,0,NULL,NULL,"2019-02-05 17:22:32",100,9,14,0,54.8
84484,1,61,463,0,NULL,NULL,"2019-02-05 17:22:32",100,0,29,0,54.35
84485,1,61,464,0,NULL,NULL,"2019-02-05 17:22:32",100,20,29,0,60.35
84486,1,61,467,0,NULL,NULL,"2019-02-05 17:22:32",100,22,34,0,61.7
84487,1,61,471,0,NULL,NULL,"2019-02-05 17:22:32",100,24,34,0,62.3
84488,1,61,472,0,NULL,NULL,"2019-02-05 17:22:32",100,27,37,0,63.65
84501,1,63,480,0,NULL,NULL,"2019-02-05 17:22:32",100,75,56,0,80.9
84502,1,63,489,0,NULL,NULL,"2019-02-05 17:22:32",100,62,57,0,77.15
84503,1,63,509,0,NULL,NULL,"2019-02-05 17:22:32",100,75,58,0,81.2
84504,1,63,529,0,NULL,NULL,"2019-02-05 17:22:32",100,50,53,0,72.95
84505,1,63,539,0,NULL,NULL,"2019-02-05 17:22:32",100,62,54,0,76.7
84542,1,65,490,0,NULL,NULL,"2019-02-05 17:22:32",100,0,46,1,56.95
84543,1,65,496,0,NULL,NULL,"2019-02-05 17:22:32",100,0,36,0,55.4
84544,1,65,513,0,NULL,NULL,"2019-02-05 17:22:32",100,0,38,1,55.75
84545,1,65,527,0,NULL,NULL,"2019-02-05 17:22:32",100,0,74,1,61.15
84546,1,65,579,0,NULL,NULL,"2019-02-05 17:22:32",100,0,16,0,52.4
84547,1,67,461,0,NULL,NULL,"2019-02-05 17:22:32",100,0,19,0,52.85
84548,1,67,473,0,NULL,NULL,"2019-02-05 17:22:32",100,0,18,0,52.7
84549,1,67,481,0,NULL,NULL,"2019-02-05 17:22:32",100,11,22,0,56.6
84550,1,67,485,0,NULL,NULL,"2019-02-05 17:22:32",100,12,25,0,57.35
84551,1,67,486,0,NULL,NULL,"2019-02-05 17:22:32",100,0,24,0,53.6
84578,1,68,461,0,NULL,NULL,"2019-02-05 17:22:32",100,20,24,0,59.6
84579,1,68,473,0,NULL,NULL,"2019-02-05 17:22:32",100,14,24,0,57.8
84580,1,68,481,0,NULL,NULL,"2019-02-05 17:22:32",100,21,47,0,63.35
84581,1,68,485,0,NULL,NULL,"2019-02-05 17:22:32",100,7,44,0,58.7
84582,1,68,486,0,NULL,NULL,"2019-02-05 17:22:32",100,0,24,0,53.6
84609,1,69,462,0,NULL,NULL,"2019-02-05 17:22:32",100,12,37,0,59.15
84610,1,69,470,0,NULL,NULL,"2019-02-05 17:22:32",100,0,38,0,55.7
84611,1,69,478,0,NULL,NULL,"2019-02-05 17:22:32",100,0,36,0,55.4
84612,1,69,479,0,NULL,NULL,"2019-02-05 17:22:32",100,10,48,0,60.2
84613,1,69,505,0,NULL,NULL,"2019-02-05 17:22:32",100,10,60,0,62
84615,1,70,461,0,NULL,NULL,"2019-02-05 17:22:32",100,9,18,0,55.4
84616,1,70,473,0,NULL,NULL,"2019-02-05 17:22:32",100,10,17,0,55.55
84617,1,70,481,0,NULL,NULL,"2019-02-05 17:22:32",100,91,24,0,80.9
84618,1,70,485,0,NULL,NULL,"2019-02-05 17:22:32",100,60,21,0,71.15
84619,1,70,486,0,NULL,NULL,"2019-02-05 17:22:32",100,21,19,0,59.15
84646,1,71,533,0,NULL,NULL,"2019-02-05 17:22:33",100,8,26,1,56.35
84647,1,71,553,0,NULL,NULL,"2019-02-05 17:22:33",100,5,18,1,54.25
84648,1,72,466,0,NULL,NULL,"2019-02-05 17:22:33",100,14,38,0,59.9
84649,1,72,476,0,NULL,NULL,"2019-02-05 17:22:33",100,14,38,0,59.9
84650,1,72,491,0,NULL,NULL,"2019-02-05 17:22:33",100,29,43,0,65.15
84651,1,72,494,0,NULL,NULL,"2019-02-05 17:22:33",100,20,7,0,57.05
84652,1,72,502,0,NULL,NULL,"2019-02-05 17:22:33",100,36,32,0,65.6
84669,1,73,490,0,NULL,NULL,"2019-02-05 17:22:33",100,17,34,0,60.2
84670,1,73,496,0,NULL,NULL,"2019-02-05 17:22:33",100,25,30,0,62
84671,1,73,513,0,NULL,NULL,"2019-02-05 17:22:33",100,14,34,0,59.3
84672,1,73,527,0,NULL,NULL,"2019-02-05 17:22:33",100,19,35,0,60.95
84673,1,73,579,0,NULL,NULL,"2019-02-05 17:22:33",100,20,14,0,58.1
84674,1,75,544,0,NULL,NULL,"2019-02-05 17:22:33",100,13,32,0,58.7
84675,1,75,612,0,NULL,NULL,"2019-02-05 17:22:33",100,0,28,0,54.2
84676,1,82,461,0,NULL,NULL,"2019-02-05 17:22:33",100,19,47,0,62.75
84677,1,82,473,0,NULL,NULL,"2019-02-05 17:22:33",100,21,49,0,63.65
84678,1,82,481,0,NULL,NULL,"2019-02-05 17:22:33",100,20,50,0,63.5
84679,1,82,485,0,NULL,NULL,"2019-02-05 17:22:33",100,22,53,0,64.55
84680,1,82,486,0,NULL,NULL,"2019-02-05 17:22:33",100,59,46,1,74.65
84707,1,84,461,0,NULL,NULL,"2019-02-05 17:22:33",100,36,57,0,69.35
84708,1,84,473,0,NULL,NULL,"2019-02-05 17:22:33",100,30,59,0,67.85
84709,1,84,481,0,NULL,NULL,"2019-02-05 17:22:33",100,19,41,0,61.85
84710,1,84,485,0,NULL,NULL,"2019-02-05 17:22:33",100,21,43,0,62.75
84711,1,84,486,0,NULL,NULL,"2019-02-05 17:22:33",100,22,40,0,62.6
84738,1,85,462,0,NULL,NULL,"2019-02-05 17:22:33",100,31,40,1,65.35
84739,1,85,470,0,NULL,NULL,"2019-02-05 17:22:33",100,0,22,1,53.35
84740,1,85,478,0,NULL,NULL,"2019-02-05 17:22:33",100,100,43,1,86.5
84741,1,85,479,0,NULL,NULL,"2019-02-05 17:22:33",100,38,32,0,66.2
84742,1,85,505,0,NULL,NULL,"2019-02-05 17:22:33",100,35,31,0,65.15
84744,1,88,462,0,NULL,NULL,"2019-02-05 17:22:33",100,14,48,1,61.45
84745,1,88,470,0,NULL,NULL,"2019-02-05 17:22:33",100,0,34,1,55.15
84746,1,88,478,0,NULL,NULL,"2019-02-05 17:22:33",100,15,53,1,62.5
84747,1,88,479,0,NULL,NULL,"2019-02-05 17:22:33",100,24,42,0,63.5
84748,1,88,505,0,NULL,NULL,"2019-02-05 17:22:33",100,22,43,0,63.05
84781,1,91,467,0,NULL,NULL,"2019-02-05 17:22:33",42,100,72,1,61.85
84782,1,91,471,0,NULL,NULL,"2019-02-05 17:22:33",42,70,62,0,51.3
84783,1,92,461,0,NULL,NULL,"2019-02-05 17:22:33",100,64,50,0,76.7
84784,1,92,473,0,NULL,NULL,"2019-02-05 17:22:33",100,70,52,0,78.8
84785,1,92,481,0,NULL,NULL,"2019-02-05 17:22:33",100,19,38,0,61.4
84786,1,92,485,0,NULL,NULL,"2019-02-05 17:22:33",100,11,39,0,59.15
84787,1,92,486,0,NULL,NULL,"2019-02-05 17:22:33",100,22,45,0,63.35
84830,1,95,466,0,NULL,NULL,"2019-02-05 17:22:34",100,14,27,0,58.25
84831,1,95,476,0,NULL,NULL,"2019-02-05 17:22:34",100,14,27,0,58.25
84832,1,95,491,0,NULL,NULL,"2019-02-05 17:22:34",100,29,27,0,62.75
84833,1,95,494,0,NULL,NULL,"2019-02-05 17:22:34",100,20,11,0,57.65
84834,1,95,502,0,NULL,NULL,"2019-02-05 17:22:34",100,36,28,0,65
84851,1,96,461,0,NULL,NULL,"2019-02-05 17:22:34",100,22,32,0,61.4
84852,1,96,473,0,NULL,NULL,"2019-02-05 17:22:34",100,25,33,0,62.45
84853,1,96,481,0,NULL,NULL,"2019-02-05 17:22:34",100,24,29,0,61.55
84854,1,96,485,0,NULL,NULL,"2019-02-05 17:22:34",100,27,27,0,62.15
84855,1,96,486,0,NULL,NULL,"2019-02-05 17:22:34",100,14,33,0,59.15
84882,1,97,460,0,NULL,NULL,"2019-02-05 17:22:34",100,57,26,1,71.05
84883,1,97,498,0,NULL,NULL,"2019-02-05 17:22:34",100,43,36,0,68.3
84884,1,97,525,0,NULL,NULL,"2019-02-05 17:22:34",100,0,32,0,54.8
84885,1,97,526,0,NULL,NULL,"2019-02-05 17:22:34",100,57,34,0,72.2
84886,1,97,536,0,NULL,NULL,"2019-02-05 17:22:34",100,57,34,0,72.2
84913,1,99,461,0,NULL,NULL,"2019-02-05 17:22:34",100,50,39,0,70.85
84914,1,99,473,0,NULL,NULL,"2019-02-05 17:22:34",100,47,40,0,70.1
84915,1,99,481,0,NULL,NULL,"2019-02-05 17:22:34",100,26,34,0,62.9
84916,1,99,485,0,NULL,NULL,"2019-02-05 17:22:34",100,21,34,0,61.4
84917,1,99,486,0,NULL,NULL,"2019-02-05 17:22:34",100,29,36,0,64.1
84944,1,100,466,0,NULL,NULL,"2019-02-05 17:22:34",100,29,46,0,65.6
84945,1,100,476,0,NULL,NULL,"2019-02-05 17:22:34",100,29,46,0,65.6
84946,1,100,491,0,NULL,NULL,"2019-02-05 17:22:34",100,14,46,0,61.1
84947,1,100,494,0,NULL,NULL,"2019-02-05 17:22:34",100,100,17,1,82.6
84948,1,100,502,0,NULL,NULL,"2019-02-05 17:22:34",100,18,33,0,60.35
84965,1,101,461,0,NULL,NULL,"2019-02-05 17:22:34",100,90,63,1,86.5
84966,1,101,473,0,NULL,NULL,"2019-02-05 17:22:34",100,100,65,1,89.8
84967,1,101,481,0,NULL,NULL,"2019-02-05 17:22:34",100,11,34,0,58.4
84968,1,101,485,0,NULL,NULL,"2019-02-05 17:22:34",100,12,37,0,59.15
84969,1,101,486,0,NULL,NULL,"2019-02-05 17:22:34",100,12,40,0,59.6
84996,1,103,466,0,NULL,NULL,"2019-02-05 17:22:34",100,14,25,0,57.95
84997,1,103,476,0,NULL,NULL,"2019-02-05 17:22:34",100,14,25,0,57.95
84998,1,103,491,0,NULL,NULL,"2019-02-05 17:22:34",100,14,35,0,59.45
84999,1,103,494,0,NULL,NULL,"2019-02-05 17:22:34",100,20,12,0,57.8
85000,1,103,502,0,NULL,NULL,"2019-02-05 17:22:34",100,55,33,0,71.45
85017,1,105,490,0,NULL,NULL,"2019-02-05 17:22:34",100,4,28,0,55.4
85018,1,105,496,0,NULL,NULL,"2019-02-05 17:22:34",100,5,21,0,54.65
85019,1,105,513,0,NULL,NULL,"2019-02-05 17:22:34",100,5,34,0,56.6
85020,1,105,527,0,NULL,NULL,"2019-02-05 17:22:34",100,4,29,0,55.55
85021,1,105,579,0,NULL,NULL,"2019-02-05 17:22:34",100,9,13,0,54.65
85022,1,106,466,0,NULL,NULL,"2019-02-05 17:22:34",100,15,26,0,58.4
85023,1,106,476,0,NULL,NULL,"2019-02-05 17:22:34",100,15,26,0,58.4
85024,1,106,491,0,NULL,NULL,"2019-02-05 17:22:34",100,31,26,0,63.2
85025,1,106,494,0,NULL,NULL,"2019-02-05 17:22:34",100,22,13,0,58.55
85026,1,106,502,0,NULL,NULL,"2019-02-05 17:22:34",100,20,24,0,59.6
85043,1,108,466,0,NULL,NULL,"2019-02-05 17:22:34",100,14,26,0,58.1
85044,1,108,476,0,NULL,NULL,"2019-02-05 17:22:34",100,29,32,0,63.5
85045,1,108,491,0,NULL,NULL,"2019-02-05 17:22:34",100,29,24,0,62.3
85046,1,108,494,0,NULL,NULL,"2019-02-05 17:22:34",100,20,5,0,56.75
85047,1,108,502,0,NULL,NULL,"2019-02-05 17:22:34",100,36,38,0,66.5
85080,1,110,461,0,NULL,NULL,"2019-02-05 17:22:35",100,22,51,0,64.25
85081,1,110,473,0,NULL,NULL,"2019-02-05 17:22:35",100,25,50,0,65
85082,1,110,481,0,NULL,NULL,"2019-02-05 17:22:35",100,35,52,1,68.35
85083,1,110,485,0,NULL,NULL,"2019-02-05 17:22:35",100,40,48,0,69.2
85084,1,110,486,0,NULL,NULL,"2019-02-05 17:22:35",100,14,47,0,61.25
85115,1,112,466,0,NULL,NULL,"2019-02-05 17:22:35",100,5,31,0,56.15
85116,1,112,476,0,NULL,NULL,"2019-02-05 17:22:35",100,5,31,0,56.15
85117,1,112,491,0,NULL,NULL,"2019-02-05 17:22:35",100,5,38,0,57.2
85118,1,112,494,0,NULL,NULL,"2019-02-05 17:22:35",100,0,11,1,51.7
85119,1,112,502,0,NULL,NULL,"2019-02-05 17:22:35",100,0,35,0,55.25
85146,1,114,461,0,NULL,NULL,"2019-02-05 17:22:35",100,5,28,0,55.7
85147,1,114,473,0,NULL,NULL,"2019-02-05 17:22:35",100,5,27,0,55.55
85148,1,114,481,0,NULL,NULL,"2019-02-05 17:22:35",100,0,39,0,55.85
85149,1,114,485,0,NULL,NULL,"2019-02-05 17:22:35",100,0,34,0,55.1
85150,1,114,486,0,NULL,NULL,"2019-02-05 17:22:35",100,5,29,0,55.85
85177,1,118,489,0,NULL,NULL,"2019-02-05 17:22:35",31,75,81,0,50.15
85178,1,118,504,0,NULL,NULL,"2019-02-05 17:22:35",100,0,54,0,58.1
85179,1,118,506,0,NULL,NULL,"2019-02-05 17:22:35",100,62,53,0,76.55
85180,1,118,549,0,NULL,NULL,"2019-02-05 17:22:35",100,100,91,0,93.65
85181,1,118,614,0,NULL,NULL,"2019-02-05 17:22:35",100,88,84,0,89
85183,1,119,468,0,NULL,NULL,"2019-02-05 17:22:35",100,21,14,0,58.4
85184,1,119,469,0,NULL,NULL,"2019-02-05 17:22:35",100,24,5,0,57.95
85185,1,119,482,0,NULL,NULL,"2019-02-05 17:22:35",100,0,20,0,53
85186,1,119,495,0,NULL,NULL,"2019-02-05 17:22:35",100,12,9,0,54.95
85187,1,119,503,0,NULL,NULL,"2019-02-05 17:22:35",100,11,14,0,55.4
85199,1,120,460,0,NULL,NULL,"2019-02-05 17:22:35",100,0,61,1,59.2
85200,1,120,498,0,NULL,NULL,"2019-02-05 17:22:35",100,0,57,0,58.55
85201,1,120,525,0,NULL,NULL,"2019-02-05 17:22:35",100,0,36,0,55.4
85202,1,120,526,0,NULL,NULL,"2019-02-05 17:22:35",100,0,73,0,60.95
85203,1,120,536,0,NULL,NULL,"2019-02-05 17:22:35",100,0,65,0,59.75
85209,1,122,468,0,NULL,NULL,"2019-02-05 17:22:35",100,5,13,0,53.45
85210,1,122,469,0,NULL,NULL,"2019-02-05 17:22:35",100,0,5,0,50.75
85211,1,122,482,0,NULL,NULL,"2019-02-05 17:22:35",100,0,25,0,53.75
85212,1,122,495,0,NULL,NULL,"2019-02-05 17:22:35",100,0,17,0,52.55
85213,1,122,503,0,NULL,NULL,"2019-02-05 17:22:35",100,5,13,0,53.45
85225,1,123,466,0,NULL,NULL,"2019-02-05 17:22:35",100,29,40,0,64.7
85226,1,123,476,0,NULL,NULL,"2019-02-05 17:22:35",100,29,40,0,64.7
85227,1,123,491,0,NULL,NULL,"2019-02-05 17:22:35",100,14,37,0,59.75
85228,1,123,494,0,NULL,NULL,"2019-02-05 17:22:35",100,80,16,0,76.4
85229,1,123,502,0,NULL,NULL,"2019-02-05 17:22:35",100,18,34,0,60.5
85246,1,129,466,0,NULL,NULL,"2019-02-05 17:22:35",100,31,32,0,64.1
85247,1,129,476,0,NULL,NULL,"2019-02-05 17:22:36",100,31,32,0,64.1
85248,1,129,491,0,NULL,NULL,"2019-02-05 17:22:36",100,15,37,0,60.05
85249,1,129,494,0,NULL,NULL,"2019-02-05 17:22:36",100,89,16,1,79.15
85250,1,129,502,0,NULL,NULL,"2019-02-05 17:22:36",100,0,31,0,54.65
85267,1,130,468,0,NULL,NULL,"2019-02-05 17:22:36",100,5,20,0,54.5
85268,1,130,469,0,NULL,NULL,"2019-02-05 17:22:36",100,0,6,0,50.9
85269,1,130,482,0,NULL,NULL,"2019-02-05 17:22:36",100,0,22,0,53.3
85270,1,130,495,0,NULL,NULL,"2019-02-05 17:22:36",100,0,37,0,55.55
85271,1,130,503,0,NULL,NULL,"2019-02-05 17:22:36",100,5,20,0,54.5
85283,1,131,466,0,NULL,NULL,"2019-02-05 17:22:36",100,0,31,0,54.65
85284,1,131,476,0,NULL,NULL,"2019-02-05 17:22:36",100,15,40,0,60.5
85285,1,131,491,0,NULL,NULL,"2019-02-05 17:22:36",100,15,25,0,58.25
85286,1,131,494,0,NULL,NULL,"2019-02-05 17:22:36",100,0,10,0,51.5
85287,1,131,502,0,NULL,NULL,"2019-02-05 17:22:36",100,20,40,0,62
85304,1,132,466,0,NULL,NULL,"2019-02-05 17:22:36",100,18,57,0,63.95
85305,1,132,476,0,NULL,NULL,"2019-02-05 17:22:36",100,18,57,0,63.95
85306,1,132,491,0,NULL,NULL,"2019-02-05 17:22:36",100,18,57,0,63.95
85307,1,132,494,0,NULL,NULL,"2019-02-05 17:22:36",100,22,20,0,59.6
85308,1,132,502,0,NULL,NULL,"2019-02-05 17:22:36",100,21,30,0,60.8
85325,1,133,468,0,NULL,NULL,"2019-02-05 17:22:36",100,0,17,0,52.55
85326,1,133,469,0,NULL,NULL,"2019-02-05 17:22:36",100,14,4,0,54.8
85327,1,133,482,0,NULL,NULL,"2019-02-05 17:22:36",100,15,21,0,57.65
85328,1,133,495,0,NULL,NULL,"2019-02-05 17:22:36",100,29,25,0,62.45
85329,1,133,503,0,NULL,NULL,"2019-02-05 17:22:36",100,0,17,0,52.55
85341,1,134,461,0,NULL,NULL,"2019-02-05 17:22:36",100,15,35,0,59.75
85342,1,134,473,0,NULL,NULL,"2019-02-05 17:22:36",100,0,34,0,55.1
85343,1,134,481,0,NULL,NULL,"2019-02-05 17:22:36",100,17,52,0,62.9
85344,1,134,485,0,NULL,NULL,"2019-02-05 17:22:36",100,20,52,0,63.8
85345,1,134,486,0,NULL,NULL,"2019-02-05 17:22:36",100,0,34,0,55.1
85372,1,136,511,0,NULL,NULL,"2019-02-05 17:22:36",100,0,47,0,57.05
85388,1,138,577,0,NULL,NULL,"2019-02-05 17:22:36",100,26,29,0,62.15
85389,1,140,466,0,NULL,NULL,"2019-02-05 17:22:36",100,0,25,0,53.75
85390,1,140,476,0,NULL,NULL,"2019-02-05 17:22:36",100,11,25,0,57.05
85391,1,140,491,0,NULL,NULL,"2019-02-05 17:22:36",100,0,25,0,53.75
85392,1,140,494,0,NULL,NULL,"2019-02-05 17:22:36",100,0,10,0,51.5
85393,1,140,502,0,NULL,NULL,"2019-02-05 17:22:36",100,0,33,0,54.95
85431,1,143,460,0,NULL,NULL,"2019-02-05 17:22:36",100,0,27,1,54.1
85432,1,143,498,0,NULL,NULL,"2019-02-05 17:22:36",100,0,32,0,54.8
85433,1,143,525,0,NULL,NULL,"2019-02-05 17:22:36",100,0,30,0,54.5
85434,1,143,526,0,NULL,NULL,"2019-02-05 17:22:36",100,0,36,0,55.4
85435,1,143,536,0,NULL,NULL,"2019-02-05 17:22:36",100,0,34,0,55.1
85441,1,144,468,0,NULL,NULL,"2019-02-05 17:22:36",100,5,9,0,52.85
85442,1,144,469,0,NULL,NULL,"2019-02-05 17:22:36",100,0,3,0,50.45
85443,1,144,482,0,NULL,NULL,"2019-02-05 17:22:36",100,0,24,0,53.6
85444,1,144,495,0,NULL,NULL,"2019-02-05 17:22:36",100,0,14,0,52.1
85445,1,144,503,0,NULL,NULL,"2019-02-05 17:22:36",100,5,9,0,52.85
85457,1,145,480,0,NULL,NULL,"2019-02-05 17:22:36",100,62,28,0,72.8
85458,1,145,489,0,NULL,NULL,"2019-02-05 17:22:36",100,62,29,0,72.95
85459,1,145,509,0,NULL,NULL,"2019-02-05 17:22:36",100,75,27,0,76.55
85460,1,145,529,0,NULL,NULL,"2019-02-05 17:22:36",100,62,35,0,73.85
85461,1,145,539,0,NULL,NULL,"2019-02-05 17:22:36",100,75,35,0,77.75
85483,1,147,466,0,NULL,NULL,"2019-02-05 17:22:37",100,12,33,0,58.55
85484,1,147,476,0,NULL,NULL,"2019-02-05 17:22:37",100,12,33,0,58.55
85485,1,147,491,0,NULL,NULL,"2019-02-05 17:22:37",100,24,37,0,62.75
85486,1,147,494,0,NULL,NULL,"2019-02-05 17:22:37",100,15,6,0,55.4
85487,1,147,502,0,NULL,NULL,"2019-02-05 17:22:37",100,57,32,0,71.9
85504,1,148,461,0,NULL,NULL,"2019-02-05 17:22:37",100,5,21,0,54.65
85505,1,148,473,0,NULL,NULL,"2019-02-05 17:22:37",100,5,22,0,54.8
85506,1,148,481,0,NULL,NULL,"2019-02-05 17:22:37",100,0,30,0,54.5
85507,1,148,485,0,NULL,NULL,"2019-02-05 17:22:37",100,0,28,0,54.2
85508,1,148,486,0,NULL,NULL,"2019-02-05 17:22:37",100,5,23,0,54.95
85535,1,150,577,0,NULL,NULL,"2019-02-05 17:22:37",100,26,29,0,62.15
85536,1,151,466,0,NULL,NULL,"2019-02-05 17:22:37",100,13,40,0,59.9
85537,1,151,476,0,NULL,NULL,"2019-02-05 17:22:37",100,27,40,0,64.1
85538,1,151,491,0,NULL,NULL,"2019-02-05 17:22:37",100,13,57,0,62.45
85539,1,151,494,0,NULL,NULL,"2019-02-05 17:22:37",100,18,7,0,56.45
85540,1,151,502,0,NULL,NULL,"2019-02-05 17:22:37",100,33,34,0,65
85557,1,152,466,0,NULL,NULL,"2019-02-05 17:22:37",100,54,44,0,72.8
85558,1,152,476,0,NULL,NULL,"2019-02-05 17:22:37",100,69,52,1,78.55
85559,1,152,491,0,NULL,NULL,"2019-02-05 17:22:37",100,15,37,0,60.05
85560,1,152,494,0,NULL,NULL,"2019-02-05 17:22:37",100,27,9,0,59.45
85561,1,152,502,0,NULL,NULL,"2019-02-05 17:22:37",100,17,47,0,62.15
85634,1,161,461,0,NULL,NULL,"2019-02-05 17:22:37",100,35,36,0,65.9
85635,1,161,473,0,NULL,NULL,"2019-02-05 17:22:37",100,38,37,1,67
85636,1,161,481,0,NULL,NULL,"2019-02-05 17:22:37",100,27,34,0,63.2
85637,1,161,485,0,NULL,NULL,"2019-02-05 17:22:37",100,20,36,0,61.4
85638,1,161,486,0,NULL,NULL,"2019-02-05 17:22:37",100,11,37,0,58.85
85665,1,162,492,0,NULL,NULL,"2019-02-05 17:22:37",100,19,28,0,59.9
85666,1,162,493,0,NULL,NULL,"2019-02-05 17:22:37",100,10,29,0,57.35
85667,1,162,507,0,NULL,NULL,"2019-02-05 17:22:37",100,10,29,0,57.35
85668,1,162,519,0,NULL,NULL,"2019-02-05 17:22:38",100,10,28,0,57.2
85669,1,162,520,0,NULL,NULL,"2019-02-05 17:22:38",100,10,27,0,57.05
85684,1,164,461,0,NULL,NULL,"2019-02-05 17:22:38",100,19,64,0,65.3
85685,1,164,473,0,NULL,NULL,"2019-02-05 17:22:38",100,21,64,0,65.9
85686,1,164,481,0,NULL,NULL,"2019-02-05 17:22:38",100,40,43,1,68.5
85687,1,164,485,0,NULL,NULL,"2019-02-05 17:22:38",100,44,43,0,69.65
85688,1,164,486,0,NULL,NULL,"2019-02-05 17:22:38",100,12,38,0,59.3
85715,1,165,460,0,NULL,NULL,"2019-02-05 17:22:38",100,83,52,0,82.7
85716,1,165,498,0,NULL,NULL,"2019-02-05 17:22:38",100,83,62,0,84.2
85717,1,165,525,0,NULL,NULL,"2019-02-05 17:22:38",100,0,37,0,55.55
85718,1,165,526,0,NULL,NULL,"2019-02-05 17:22:38",100,83,74,0,86
85719,1,165,536,0,NULL,NULL,"2019-02-05 17:22:38",100,83,71,0,85.55
85727,1,177,560,0,NULL,NULL,"2019-02-05 17:22:38",100,20,34,0,61.1
85728,1,177,561,0,NULL,NULL,"2019-02-05 17:22:38",100,21,38,0,62
85729,1,177,564,0,NULL,NULL,"2019-02-05 17:22:38",100,29,32,0,63.5
85730,1,177,622,0,NULL,NULL,"2019-02-05 17:22:38",100,20,29,0,60.35
85767,1,180,468,0,NULL,NULL,"2019-02-05 17:22:38",100,5,8,0,52.7
85768,1,180,469,0,NULL,NULL,"2019-02-05 17:22:38",100,0,4,0,50.6
85769,1,180,482,0,NULL,NULL,"2019-02-05 17:22:38",100,0,18,0,52.7
85770,1,180,495,0,NULL,NULL,"2019-02-05 17:22:38",100,0,7,0,51.05
85771,1,180,503,0,NULL,NULL,"2019-02-05 17:22:38",100,5,7,0,52.55
85783,1,182,562,0,NULL,NULL,"2019-02-05 17:22:38",42,100,76,1,62.45
85784,1,183,468,0,NULL,NULL,"2019-02-05 17:22:38",100,5,9,0,52.85
85785,1,183,482,0,NULL,NULL,"2019-02-05 17:22:38",100,0,17,0,52.55
85786,1,183,495,0,NULL,NULL,"2019-02-05 17:22:38",100,0,17,0,52.55
85787,1,183,503,0,NULL,NULL,"2019-02-05 17:22:38",100,5,9,0,52.85
85788,1,183,510,0,NULL,NULL,"2019-02-05 17:22:38",100,5,14,0,53.6
85799,1,184,466,0,NULL,NULL,"2019-02-05 17:22:38",100,29,23,0,62.15
85800,1,184,476,0,NULL,NULL,"2019-02-05 17:22:38",100,29,23,0,62.15
85801,1,184,491,0,NULL,NULL,"2019-02-05 17:22:38",100,14,45,0,60.95
85802,1,184,494,0,NULL,NULL,"2019-02-05 17:22:38",100,40,13,0,63.95
85803,1,184,502,0,NULL,NULL,"2019-02-05 17:22:38",100,36,30,0,65.3
85820,1,185,533,0,NULL,NULL,"2019-02-05 17:22:38",100,80,33,1,79
85821,1,185,553,0,NULL,NULL,"2019-02-05 17:22:38",100,58,30,1,71.95
85823,1,190,533,0,NULL,NULL,"2019-02-05 17:22:39",100,100,29,1,84.4
85824,1,190,553,0,NULL,NULL,"2019-02-05 17:22:39",100,47,18,1,66.85
85856,1,193,544,0,NULL,NULL,"2019-02-05 17:22:39",100,24,30,0,61.7
85857,1,193,612,0,NULL,NULL,"2019-02-05 17:22:39",100,9,27,0,56.75
85889,1,195,490,0,NULL,NULL,"2019-02-05 17:22:39",100,4,34,0,56.3
85890,1,195,496,0,NULL,NULL,"2019-02-05 17:22:39",100,5,30,0,56
85891,1,195,513,0,NULL,NULL,"2019-02-05 17:22:39",100,5,32,0,56.3
85892,1,195,527,0,NULL,NULL,"2019-02-05 17:22:39",100,4,32,0,56
85893,1,195,579,0,NULL,NULL,"2019-02-05 17:22:39",100,9,16,0,55.1
85894,1,196,490,0,NULL,NULL,"2019-02-05 17:22:39",100,15,34,0,59.6
85895,1,196,496,0,NULL,NULL,"2019-02-05 17:22:39",100,20,27,0,60.05
85896,1,196,513,0,NULL,NULL,"2019-02-05 17:22:39",100,18,32,0,60.2
85897,1,196,527,0,NULL,NULL,"2019-02-05 17:22:39",100,21,30,0,60.8
85898,1,196,579,0,NULL,NULL,"2019-02-05 17:22:39",100,17,14,0,57.2
85899,1,197,577,0,NULL,NULL,"2019-02-05 17:22:39",100,0,32,0,54.8
85900,1,199,468,0,NULL,NULL,"2019-02-05 17:22:39",100,31,11,0,60.95
85901,1,199,469,0,NULL,NULL,"2019-02-05 17:22:39",100,13,4,0,54.5
85902,1,199,482,0,NULL,NULL,"2019-02-05 17:22:39",100,14,20,0,57.2
85903,1,199,495,0,NULL,NULL,"2019-02-05 17:22:39",100,7,10,0,53.6
85904,1,199,503,0,NULL,NULL,"2019-02-05 17:22:39",100,25,9,0,58.85
85916,1,201,468,0,NULL,NULL,"2019-02-05 17:22:39",100,5,16,0,53.9
85917,1,201,469,0,NULL,NULL,"2019-02-05 17:22:39",100,0,11,0,51.65
85918,1,201,482,0,NULL,NULL,"2019-02-05 17:22:39",100,0,26,0,53.9
85919,1,201,495,0,NULL,NULL,"2019-02-05 17:22:39",100,0,15,0,52.25
85920,1,201,503,0,NULL,NULL,"2019-02-05 17:22:39",100,5,16,0,53.9
85963,1,203,544,0,NULL,NULL,"2019-02-05 17:22:39",100,11,15,0,55.55
85964,1,203,612,0,NULL,NULL,"2019-02-05 17:22:39",100,0,22,0,53.3
85965,1,204,544,0,NULL,NULL,"2019-02-05 17:22:39",100,11,17,0,55.85
85966,1,204,612,0,NULL,NULL,"2019-02-05 17:22:39",100,0,22,0,53.3
85967,1,209,577,0,NULL,NULL,"2019-02-05 17:22:39",100,26,27,0,61.85
85968,1,210,577,0,NULL,NULL,"2019-02-05 17:22:39",100,26,26,0,61.7
85969,1,216,490,0,NULL,NULL,"2019-02-05 17:22:39",100,44,37,1,68.8
85970,1,216,496,0,NULL,NULL,"2019-02-05 17:22:39",100,17,32,0,59.9
85971,1,216,513,0,NULL,NULL,"2019-02-05 17:22:39",100,23,35,1,62.2
85972,1,216,527,0,NULL,NULL,"2019-02-05 17:22:39",100,25,32,1,62.35
85973,1,216,579,0,NULL,NULL,"2019-02-05 17:22:39",100,22,16,0,59
85974,1,217,463,0,NULL,NULL,"2019-02-05 17:22:39",100,0,29,0,54.35
85975,1,217,464,0,NULL,NULL,"2019-02-05 17:22:39",100,21,24,0,59.9
85976,1,217,467,0,NULL,NULL,"2019-02-05 17:22:39",100,22,36,0,62
85977,1,217,471,0,NULL,NULL,"2019-02-05 17:22:39",100,23,31,0,61.55
85978,1,217,472,0,NULL,NULL,"2019-02-05 17:22:39",100,19,35,0,60.95
85991,1,218,468,0,NULL,NULL,"2019-02-05 17:22:39",100,31,20,0,62.3
85992,1,218,469,0,NULL,NULL,"2019-02-05 17:22:39",100,36,9,0,62.15
85993,1,218,482,0,NULL,NULL,"2019-02-05 17:22:39",100,80,28,0,78.2
85994,1,218,495,0,NULL,NULL,"2019-02-05 17:22:39",100,55,26,0,70.4
85995,1,218,503,0,NULL,NULL,"2019-02-05 17:22:39",100,46,20,0,66.8
86028,1,220,468,0,NULL,NULL,"2019-02-05 17:22:40",100,14,16,0,56.6
86029,1,220,482,0,NULL,NULL,"2019-02-05 17:22:40",100,18,21,0,58.55
86030,1,220,495,0,NULL,NULL,"2019-02-05 17:22:40",100,17,15,0,57.35
86031,1,220,503,0,NULL,NULL,"2019-02-05 17:22:40",100,29,16,0,61.1
86032,1,220,510,0,NULL,NULL,"2019-02-05 17:22:40",100,14,16,0,56.6
86043,1,222,460,0,NULL,NULL,"2019-02-05 17:22:40",100,0,26,1,53.95
86044,1,222,498,0,NULL,NULL,"2019-02-05 17:22:40",100,0,32,0,54.8
86045,1,222,525,0,NULL,NULL,"2019-02-05 17:22:40",100,0,32,0,54.8
86046,1,222,526,0,NULL,NULL,"2019-02-05 17:22:40",100,0,32,0,54.8
86047,1,222,536,0,NULL,NULL,"2019-02-05 17:22:40",100,0,31,0,54.65
86053,1,223,466,0,NULL,NULL,"2019-02-05 17:22:40",100,13,25,0,57.65
86054,1,223,476,0,NULL,NULL,"2019-02-05 17:22:40",100,27,25,0,61.85
86055,1,223,491,0,NULL,NULL,"2019-02-05 17:22:40",100,13,36,0,59.3
86056,1,223,494,0,NULL,NULL,"2019-02-05 17:22:40",100,18,4,0,56
86057,1,223,502,0,NULL,NULL,"2019-02-05 17:22:40",100,33,28,0,64.1
86074,1,224,466,0,NULL,NULL,"2019-02-05 17:22:40",100,15,28,0,58.7
86075,1,224,476,0,NULL,NULL,"2019-02-05 17:22:40",100,15,28,0,58.7
86076,1,224,491,0,NULL,NULL,"2019-02-05 17:22:40",100,15,35,0,59.75
86077,1,224,494,0,NULL,NULL,"2019-02-05 17:22:40",100,44,7,0,64.25
86078,1,224,502,0,NULL,NULL,"2019-02-05 17:22:40",100,40,31,0,66.65
86106,1,228,577,0,NULL,NULL,"2019-02-05 17:22:40",100,26,26,0,61.7
86107,1,229,460,0,NULL,NULL,"2019-02-05 17:22:40",100,36,27,0,64.85
86108,1,229,498,0,NULL,NULL,"2019-02-05 17:22:40",100,45,41,1,69.7
86109,1,229,525,0,NULL,NULL,"2019-02-05 17:22:40",100,0,43,0,56.45
86110,1,229,526,0,NULL,NULL,"2019-02-05 17:22:40",100,36,41,0,66.95
86111,1,229,536,0,NULL,NULL,"2019-02-05 17:22:40",100,55,43,1,73
86117,1,230,468,0,NULL,NULL,"2019-02-05 17:22:40",100,0,16,0,52.4
86118,1,230,469,0,NULL,NULL,"2019-02-05 17:22:40",100,18,3,0,55.85
86119,1,230,482,0,NULL,NULL,"2019-02-05 17:22:40",100,20,29,0,60.35
86120,1,230,495,0,NULL,NULL,"2019-02-05 17:22:40",100,18,21,0,58.55
86121,1,230,503,0,NULL,NULL,"2019-02-05 17:22:40",100,0,16,0,52.4
86133,1,234,577,0,NULL,NULL,"2019-02-05 17:22:40",100,0,29,0,54.35
86134,1,235,466,0,NULL,NULL,"2019-02-05 17:22:40",100,12,25,0,57.35
86135,1,235,476,0,NULL,NULL,"2019-02-05 17:22:40",100,24,26,0,61.1
86136,1,235,491,0,NULL,NULL,"2019-02-05 17:22:40",100,35,32,0,65.3
86137,1,235,494,0,NULL,NULL,"2019-02-05 17:22:40",100,15,3,1,55
86138,1,235,502,0,NULL,NULL,"2019-02-05 17:22:40",100,14,31,0,58.85
86155,1,237,461,0,NULL,NULL,"2019-02-05 17:22:40",100,5,57,0,60.05
86156,1,237,473,0,NULL,NULL,"2019-02-05 17:22:40",100,5,59,0,60.35
86157,1,237,481,0,NULL,NULL,"2019-02-05 17:22:40",100,0,36,0,55.4
86158,1,237,485,0,NULL,NULL,"2019-02-05 17:22:40",100,0,38,0,55.7
86159,1,237,486,0,NULL,NULL,"2019-02-05 17:22:40",100,5,42,0,57.8
86228,1,243,577,0,NULL,NULL,"2019-02-05 17:22:41",100,26,24,0,61.4
86229,1,245,466,0,NULL,NULL,"2019-02-05 17:22:41",100,78,49,0,80.75
86230,1,245,476,0,NULL,NULL,"2019-02-05 17:22:41",100,100,57,1,88.6
86231,1,245,491,0,NULL,NULL,"2019-02-05 17:22:41",100,22,35,0,61.85
86232,1,245,494,0,NULL,NULL,"2019-02-05 17:22:41",100,29,11,0,60.35
86233,1,245,502,0,NULL,NULL,"2019-02-05 17:22:41",100,13,39,0,59.75
86250,1,247,466,0,NULL,NULL,"2019-02-05 17:22:41",100,14,26,0,58.1
86251,1,247,476,0,NULL,NULL,"2019-02-05 17:22:41",100,14,28,0,58.4
86252,1,247,491,0,NULL,NULL,"2019-02-05 17:22:41",100,43,26,0,66.8
86253,1,247,494,0,NULL,NULL,"2019-02-05 17:22:41",100,20,4,0,56.6
86254,1,247,502,0,NULL,NULL,"2019-02-05 17:22:41",100,36,34,0,65.9
86271,1,248,466,0,NULL,NULL,"2019-02-05 17:22:41",100,14,24,0,57.8
86272,1,248,476,0,NULL,NULL,"2019-02-05 17:22:41",100,14,24,0,57.8
86273,1,248,491,0,NULL,NULL,"2019-02-05 17:22:41",100,29,33,0,63.65
86274,1,248,494,0,NULL,NULL,"2019-02-05 17:22:41",100,20,4,0,56.6
86275,1,248,502,0,NULL,NULL,"2019-02-05 17:22:41",100,36,28,0,65
86294,1,251,460,0,NULL,NULL,"2019-02-05 17:22:41",100,0,61,1,59.2
86295,1,251,498,0,NULL,NULL,"2019-02-05 17:22:41",100,0,57,0,58.55
86296,1,251,525,0,NULL,NULL,"2019-02-05 17:22:41",100,0,36,0,55.4
86297,1,251,526,0,NULL,NULL,"2019-02-05 17:22:41",100,0,73,0,60.95
86298,1,251,536,0,NULL,NULL,"2019-02-05 17:22:41",100,0,65,0,59.75
86319,1,253,461,0,NULL,NULL,"2019-02-05 17:22:41",100,5,31,0,56.15
86320,1,253,473,0,NULL,NULL,"2019-02-05 17:22:41",100,5,30,0,56
86321,1,253,481,0,NULL,NULL,"2019-02-05 17:22:41",100,0,52,0,57.8
86322,1,253,485,0,NULL,NULL,"2019-02-05 17:22:41",100,0,50,0,57.5
86323,1,253,486,0,NULL,NULL,"2019-02-05 17:22:41",100,5,26,0,55.4
86371,1,255,466,0,NULL,NULL,"2019-02-05 17:22:41",100,5,52,0,59.3
86372,1,255,476,0,NULL,NULL,"2019-02-05 17:22:41",100,5,52,0,59.3
86373,1,255,491,0,NULL,NULL,"2019-02-05 17:22:41",100,5,49,0,58.85
86374,1,255,494,0,NULL,NULL,"2019-02-05 17:22:41",100,0,11,0,51.65
86375,1,255,502,0,NULL,NULL,"2019-02-05 17:22:41",100,0,32,0,54.8
86460,1,260,468,0,NULL,NULL,"2019-02-05 17:22:42",100,0,20,0,53
86461,1,260,469,0,NULL,NULL,"2019-02-05 17:22:42",100,0,6,0,50.9
86462,1,260,482,0,NULL,NULL,"2019-02-05 17:22:42",100,0,57,0,58.55
86463,1,260,495,0,NULL,NULL,"2019-02-05 17:22:42",100,20,14,0,58.1
86464,1,260,503,0,NULL,NULL,"2019-02-05 17:22:42",100,0,20,0,53
86476,1,261,468,0,NULL,NULL,"2019-02-05 17:22:42",100,0,16,0,52.4
86477,1,261,482,0,NULL,NULL,"2019-02-05 17:22:42",100,0,42,0,56.3
86478,1,261,495,0,NULL,NULL,"2019-02-05 17:22:42",100,18,15,0,57.65
86479,1,261,503,0,NULL,NULL,"2019-02-05 17:22:42",100,0,16,0,52.4
86480,1,261,510,0,NULL,NULL,"2019-02-05 17:22:42",100,0,16,0,52.4
86491,1,262,552,0,NULL,NULL,"2019-02-05 17:22:42",100,12,31,0,58.25
86492,1,264,466,0,NULL,NULL,"2019-02-05 17:22:42",100,5,34,0,56.6
86493,1,264,476,0,NULL,NULL,"2019-02-05 17:22:42",100,5,34,0,56.6
86494,1,264,491,0,NULL,NULL,"2019-02-05 17:22:42",100,5,25,0,55.25
86495,1,264,494,0,NULL,NULL,"2019-02-05 17:22:42",100,0,10,0,51.5
86496,1,264,502,0,NULL,NULL,"2019-02-05 17:22:42",100,0,28,0,54.2
86513,1,265,461,0,NULL,NULL,"2019-02-05 17:22:42",100,5,32,0,56.3
86514,1,265,473,0,NULL,NULL,"2019-02-05 17:22:42",100,5,34,0,56.6
86515,1,265,481,0,NULL,NULL,"2019-02-05 17:22:42",100,0,35,0,55.25
86516,1,265,485,0,NULL,NULL,"2019-02-05 17:22:42",100,0,33,0,54.95
86517,1,265,486,0,NULL,NULL,"2019-02-05 17:22:42",100,5,29,0,55.85
86544,1,266,466,0,NULL,NULL,"2019-02-05 17:22:42",100,32,18,0,62.3
86545,1,266,476,0,NULL,NULL,"2019-02-05 17:22:42",100,32,18,0,62.3
86546,1,266,491,0,NULL,NULL,"2019-02-05 17:22:42",100,53,22,0,69.2
86547,1,266,494,0,NULL,NULL,"2019-02-05 17:22:42",100,27,18,0,60.8
86548,1,266,502,0,NULL,NULL,"2019-02-05 17:22:42",100,38,21,0,64.55
86565,1,267,461,0,NULL,NULL,"2019-02-05 17:22:42",100,30,21,0,62.15
86566,1,267,473,0,NULL,NULL,"2019-02-05 17:22:42",100,33,22,0,63.2
86567,1,267,481,0,NULL,NULL,"2019-02-05 17:22:42",100,11,19,0,56.15
86568,1,267,485,0,NULL,NULL,"2019-02-05 17:22:42",100,12,17,0,56.15
86569,1,267,486,0,NULL,NULL,"2019-02-05 17:22:42",100,25,14,0,59.6
86596,1,269,466,0,NULL,NULL,"2019-02-05 17:22:42",100,5,15,0,53.75
86597,1,269,476,0,NULL,NULL,"2019-02-05 17:22:42",100,5,15,0,53.75
86598,1,269,491,0,NULL,NULL,"2019-02-05 17:22:42",100,5,22,0,54.8
86599,1,269,494,0,NULL,NULL,"2019-02-05 17:22:42",100,0,6,0,50.9
86600,1,269,502,0,NULL,NULL,"2019-02-05 17:22:42",100,0,18,0,52.7
86638,1,271,461,0,NULL,NULL,"2019-02-05 17:22:42",100,5,31,0,56.15
86639,1,271,473,0,NULL,NULL,"2019-02-05 17:22:42",100,5,33,0,56.45
86640,1,271,481,0,NULL,NULL,"2019-02-05 17:22:42",100,0,50,0,57.5
86641,1,271,485,0,NULL,NULL,"2019-02-05 17:22:42",100,0,48,0,57.2
86642,1,271,486,0,NULL,NULL,"2019-02-05 17:22:42",100,5,28,0,55.7
86669,1,272,560,0,NULL,NULL,"2019-02-05 17:22:43",100,13,31,0,58.55
86670,1,272,561,0,NULL,NULL,"2019-02-05 17:22:43",100,32,34,0,64.7
86671,1,272,564,0,NULL,NULL,"2019-02-05 17:22:43",100,19,27,0,59.75
86672,1,272,622,0,NULL,NULL,"2019-02-05 17:22:43",100,20,27,0,60.05
86673,1,273,475,0,NULL,NULL,"2019-02-05 17:22:43",100,9,27,0,56.75
86674,1,273,545,0,NULL,NULL,"2019-02-05 17:22:43",100,0,21,1,53.2
86675,1,273,546,0,NULL,NULL,"2019-02-05 17:22:43",100,55,48,0,73.7
86676,1,273,555,0,NULL,NULL,"2019-02-05 17:22:43",100,55,52,0,74.3
86677,1,273,557,0,NULL,NULL,"2019-02-05 17:22:43",100,15,30,0,59
86682,1,274,461,0,NULL,NULL,"2019-02-05 17:22:43",100,36,28,0,65
86683,1,274,473,0,NULL,NULL,"2019-02-05 17:22:43",100,40,26,0,65.9
86684,1,274,481,0,NULL,NULL,"2019-02-05 17:22:43",100,29,33,0,63.65
86685,1,274,485,0,NULL,NULL,"2019-02-05 17:22:43",100,32,36,0,65
86686,1,274,486,0,NULL,NULL,"2019-02-05 17:22:43",100,22,35,0,61.85
86713,1,276,475,0,NULL,NULL,"2019-02-05 17:22:43",100,14,32,0,59
86714,1,276,545,0,NULL,NULL,"2019-02-05 17:22:43",100,0,43,1,56.5
86715,1,276,546,0,NULL,NULL,"2019-02-05 17:22:43",100,30,34,0,64.1
86716,1,276,555,0,NULL,NULL,"2019-02-05 17:22:43",100,30,64,0,68.6
86717,1,276,557,0,NULL,NULL,"2019-02-05 17:22:43",100,11,56,0,61.7
86738,1,278,468,0,NULL,NULL,"2019-02-05 17:22:43",100,17,20,0,58.1
86739,1,278,469,0,NULL,NULL,"2019-02-05 17:22:43",100,40,9,0,63.35
86740,1,278,482,0,NULL,NULL,"2019-02-05 17:22:43",100,44,46,0,70.1
86741,1,278,495,0,NULL,NULL,"2019-02-05 17:22:43",100,40,19,0,64.85
86742,1,278,503,0,NULL,NULL,"2019-02-05 17:22:43",100,17,20,0,58.1
86754,1,279,466,0,NULL,NULL,"2019-02-05 17:22:43",100,14,24,0,57.8
86755,1,279,476,0,NULL,NULL,"2019-02-05 17:22:43",100,14,24,0,57.8
86756,1,279,491,0,NULL,NULL,"2019-02-05 17:22:43",100,29,32,0,63.5
86757,1,279,494,0,NULL,NULL,"2019-02-05 17:22:43",100,0,7,0,51.05
86758,1,279,502,0,NULL,NULL,"2019-02-05 17:22:43",100,18,25,0,59.15
86775,1,280,466,0,NULL,NULL,"2019-02-05 17:22:43",100,0,37,0,55.55
86776,1,280,476,0,NULL,NULL,"2019-02-05 17:22:43",100,0,37,0,55.55
86777,1,280,491,0,NULL,NULL,"2019-02-05 17:22:43",100,27,45,0,64.85
86778,1,280,494,0,NULL,NULL,"2019-02-05 17:22:43",100,0,8,0,51.2
86779,1,280,502,0,NULL,NULL,"2019-02-05 17:22:43",100,17,27,0,59.15
86817,1,282,480,0,NULL,NULL,"2019-02-05 17:22:43",100,0,50,0,57.5
86818,1,282,489,0,NULL,NULL,"2019-02-05 17:22:43",100,0,51,0,57.65
86819,1,282,509,0,NULL,NULL,"2019-02-05 17:22:43",100,0,51,0,57.65
86820,1,282,529,0,NULL,NULL,"2019-02-05 17:22:43",100,0,48,0,57.2
86821,1,282,539,0,NULL,NULL,"2019-02-05 17:22:43",100,0,48,0,57.2
86827,1,283,468,0,NULL,NULL,"2019-02-05 17:22:43",100,38,19,0,64.25
86828,1,283,469,0,NULL,NULL,"2019-02-05 17:22:43",100,29,8,0,59.9
86829,1,283,482,0,NULL,NULL,"2019-02-05 17:22:43",100,62,50,0,76.1
86830,1,283,495,0,NULL,NULL,"2019-02-05 17:22:43",100,43,21,0,66.05
86831,1,283,503,0,NULL,NULL,"2019-02-05 17:22:43",100,50,19,0,67.85
86843,1,284,461,0,NULL,NULL,"2019-02-05 17:22:43",100,12,54,0,61.7
86844,1,284,473,0,NULL,NULL,"2019-02-05 17:22:43",100,13,54,0,62
86845,1,284,481,0,NULL,NULL,"2019-02-05 17:22:43",100,25,39,0,63.35
86846,1,284,485,0,NULL,NULL,"2019-02-05 17:22:43",100,29,44,0,65.3
86847,1,284,486,0,NULL,NULL,"2019-02-05 17:22:43",100,15,41,0,60.65
86905,1,286,611,0,NULL,NULL,"2019-02-05 17:22:44",80,31,21,0,52.45
86906,1,286,618,0,NULL,NULL,"2019-02-05 17:22:44",80,25,20,0,50.5
86907,1,287,475,0,NULL,NULL,"2019-02-05 17:22:44",100,0,21,0,53.15
86908,1,287,545,0,NULL,NULL,"2019-02-05 17:22:44",100,24,38,0,62.9
86909,1,287,546,0,NULL,NULL,"2019-02-05 17:22:44",100,12,27,0,57.65
86910,1,287,555,0,NULL,NULL,"2019-02-05 17:22:44",100,12,25,0,57.35
86911,1,287,557,0,NULL,NULL,"2019-02-05 17:22:44",100,6,43,1,58.3
86916,1,291,490,0,NULL,NULL,"2019-02-05 17:22:44",100,6,41,1,58
86917,1,291,496,0,NULL,NULL,"2019-02-05 17:22:44",100,10,32,0,57.8
86918,1,291,513,0,NULL,NULL,"2019-02-05 17:22:44",100,8,36,1,57.85
86919,1,291,527,0,NULL,NULL,"2019-02-05 17:22:44",100,7,67,1,62.2
86920,1,291,579,0,NULL,NULL,"2019-02-05 17:22:44",100,8,13,0,54.35
86921,1,296,468,0,NULL,NULL,"2019-02-05 17:22:44",100,34,13,0,62.15
86922,1,296,469,0,NULL,NULL,"2019-02-05 17:22:44",100,15,4,0,55.1
86923,1,296,482,0,NULL,NULL,"2019-02-05 17:22:44",100,8,21,0,55.55
86924,1,296,495,0,NULL,NULL,"2019-02-05 17:22:44",100,0,9,0,51.35
86925,1,296,503,0,NULL,NULL,"2019-02-05 17:22:44",100,28,13,0,60.35
86937,1,297,461,0,NULL,NULL,"2019-02-05 17:22:44",100,9,31,0,57.35
86938,1,297,473,0,NULL,NULL,"2019-02-05 17:22:44",100,0,30,0,54.5
86939,1,297,481,0,NULL,NULL,"2019-02-05 17:22:44",100,18,33,0,60.35
86940,1,297,485,0,NULL,NULL,"2019-02-05 17:22:44",100,0,33,0,54.95
86941,1,297,486,0,NULL,NULL,"2019-02-05 17:22:44",100,0,36,0,55.4
86968,1,308,461,0,NULL,NULL,"2019-02-05 17:22:44",100,5,28,0,55.7
86969,1,308,473,0,NULL,NULL,"2019-02-05 17:22:44",100,5,29,0,55.85
86970,1,308,481,0,NULL,NULL,"2019-02-05 17:22:44",100,0,32,0,54.8
86971,1,308,485,0,NULL,NULL,"2019-02-05 17:22:44",100,0,38,0,55.7
86972,1,308,486,0,NULL,NULL,"2019-02-05 17:22:44",100,5,32,0,56.3
86999,1,313,480,0,NULL,NULL,"2019-02-05 17:22:44",100,0,42,0,56.3
87000,1,313,489,0,NULL,NULL,"2019-02-05 17:22:44",100,0,43,0,56.45
87001,1,313,509,0,NULL,NULL,"2019-02-05 17:22:44",100,0,39,0,55.85
87002,1,313,529,0,NULL,NULL,"2019-02-05 17:22:44",100,0,46,0,56.9
87003,1,313,539,0,NULL,NULL,"2019-02-05 17:22:44",100,0,47,0,57.05
87034,1,329,577,0,NULL,NULL,"2019-02-05 17:22:45",100,26,37,0,63.35
87035,1,330,460,0,NULL,NULL,"2019-02-05 17:22:45",100,0,42,1,56.35
87036,1,330,498,0,NULL,NULL,"2019-02-05 17:22:45",100,0,49,0,57.35
87037,1,330,525,0,NULL,NULL,"2019-02-05 17:22:45",100,0,36,0,55.4
87038,1,330,526,0,NULL,NULL,"2019-02-05 17:22:45",100,0,48,0,57.2
87039,1,330,536,0,NULL,NULL,"2019-02-05 17:22:45",100,0,54,0,58.1
87045,1,331,460,0,NULL,NULL,"2019-02-05 17:22:45",100,0,34,0,55.1
87046,1,331,498,0,NULL,NULL,"2019-02-05 17:22:45",100,0,54,1,58.15
87047,1,331,525,0,NULL,NULL,"2019-02-05 17:22:45",100,0,31,0,54.65
87048,1,331,526,0,NULL,NULL,"2019-02-05 17:22:45",100,0,42,0,56.3
87049,1,331,536,0,NULL,NULL,"2019-02-05 17:22:45",100,0,58,1,58.75
87055,1,334,468,0,NULL,NULL,"2019-02-05 17:22:45",100,5,7,0,52.55
87056,1,334,469,0,NULL,NULL,"2019-02-05 17:22:45",100,0,4,0,50.6
87057,1,334,482,0,NULL,NULL,"2019-02-05 17:22:45",100,0,16,0,52.4
87058,1,334,495,0,NULL,NULL,"2019-02-05 17:22:45",100,0,8,0,51.2
87059,1,334,503,0,NULL,NULL,"2019-02-05 17:22:45",100,5,7,0,52.55
87071,1,336,468,0,NULL,NULL,"2019-02-05 17:22:45",100,14,14,0,56.3
87072,1,336,469,0,NULL,NULL,"2019-02-05 17:22:45",100,17,8,0,56.3
87073,1,336,482,0,NULL,NULL,"2019-02-05 17:22:45",100,18,16,0,57.8
87074,1,336,495,0,NULL,NULL,"2019-02-05 17:22:45",100,17,16,0,57.5
87075,1,336,503,0,NULL,NULL,"2019-02-05 17:22:45",100,14,14,0,56.3
87087,1,337,463,0,NULL,NULL,"2019-02-05 17:22:45",100,0,54,0,58.1
87088,1,337,464,0,NULL,NULL,"2019-02-05 17:22:45",100,31,59,0,68.15
87089,1,337,467,0,NULL,NULL,"2019-02-05 17:22:45",100,42,50,0,70.1
87090,1,337,471,0,NULL,NULL,"2019-02-05 17:22:45",100,35,49,0,67.85
87091,1,337,472,0,NULL,NULL,"2019-02-05 17:22:45",100,36,50,0,68.3
87135,1,341,461,0,NULL,NULL,"2019-02-05 17:22:45",100,19,27,0,59.75
87136,1,341,473,0,NULL,NULL,"2019-02-05 17:22:45",100,20,27,0,60.05
87137,1,341,481,0,NULL,NULL,"2019-02-05 17:22:45",100,26,28,0,62
87138,1,341,485,0,NULL,NULL,"2019-02-05 17:22:45",100,14,30,0,58.7
87139,1,341,486,0,NULL,NULL,"2019-02-05 17:22:45",100,43,31,0,67.55
87166,1,342,513,0,NULL,NULL,"2019-02-05 17:22:45",38,87,38,1,50.85
87167,1,343,460,0,NULL,NULL,"2019-02-05 17:22:45",100,0,25,0,53.75
87168,1,343,498,0,NULL,NULL,"2019-02-05 17:22:45",100,0,60,1,59.05
87169,1,343,525,0,NULL,NULL,"2019-02-05 17:22:45",100,0,37,0,55.55
87170,1,343,526,0,NULL,NULL,"2019-02-05 17:22:45",100,0,35,0,55.25
87171,1,343,536,0,NULL,NULL,"2019-02-05 17:22:45",100,0,50,1,57.55
87208,1,346,466,0,NULL,NULL,"2019-02-05 17:22:46",100,24,42,0,63.5
87209,1,346,476,0,NULL,NULL,"2019-02-05 17:22:46",100,12,42,0,59.9
87210,1,346,491,0,NULL,NULL,"2019-02-05 17:22:46",100,35,53,0,68.45
87211,1,346,494,0,NULL,NULL,"2019-02-05 17:22:46",100,15,6,0,55.4
87212,1,346,502,0,NULL,NULL,"2019-02-05 17:22:46",100,14,21,0,57.35
87229,1,349,466,0,NULL,NULL,"2019-02-05 17:22:46",100,14,49,0,61.55
87230,1,349,476,0,NULL,NULL,"2019-02-05 17:22:46",100,29,49,0,66.05
87231,1,349,491,0,NULL,NULL,"2019-02-05 17:22:46",100,14,49,0,61.55
87232,1,349,494,0,NULL,NULL,"2019-02-05 17:22:46",100,20,12,1,57.85
87233,1,349,502,0,NULL,NULL,"2019-02-05 17:22:46",100,36,28,0,65
87250,1,350,577,0,NULL,NULL,"2019-02-05 17:22:46",100,26,27,0,61.85
87251,1,351,475,0,NULL,NULL,"2019-02-05 17:22:46",100,10,40,0,59
87252,1,351,545,0,NULL,NULL,"2019-02-05 17:22:46",100,0,42,0,56.3
87253,1,351,546,0,NULL,NULL,"2019-02-05 17:22:46",100,59,38,1,73.45
87254,1,351,555,0,NULL,NULL,"2019-02-05 17:22:46",100,59,83,1,80.2
87255,1,351,557,0,NULL,NULL,"2019-02-05 17:22:46",100,16,53,0,62.75
87260,1,352,466,0,NULL,NULL,"2019-02-05 17:22:46",100,55,21,0,69.65
87261,1,352,476,0,NULL,NULL,"2019-02-05 17:22:46",100,48,19,0,67.25
87262,1,352,491,0,NULL,NULL,"2019-02-05 17:22:46",100,21,20,0,59.3
87263,1,352,494,0,NULL,NULL,"2019-02-05 17:22:46",100,24,4,0,57.8
87264,1,352,502,0,NULL,NULL,"2019-02-05 17:22:46",100,15,21,0,57.65
87281,1,354,552,0,NULL,NULL,"2019-02-05 17:22:46",100,18,19,0,58.25
87282,1,356,466,0,NULL,NULL,"2019-02-05 17:22:46",100,12,23,0,57.05
87283,1,356,476,0,NULL,NULL,"2019-02-05 17:22:46",100,12,23,0,57.05
87284,1,356,491,0,NULL,NULL,"2019-02-05 17:22:46",100,12,29,0,57.95
87285,1,356,494,0,NULL,NULL,"2019-02-05 17:22:46",100,17,10,1,56.65
87286,1,356,502,0,NULL,NULL,"2019-02-05 17:22:46",100,31,31,0,63.95
87303,1,359,544,0,NULL,NULL,"2019-02-05 17:22:46",100,11,50,0,60.8
87304,1,359,612,0,NULL,NULL,"2019-02-05 17:22:46",100,0,77,1,61.6
87315,1,361,480,0,NULL,NULL,"2019-02-05 17:22:46",31,75,81,0,50.15
87316,1,361,489,0,NULL,NULL,"2019-02-05 17:22:46",31,75,83,0,50.45
87317,1,361,504,0,NULL,NULL,"2019-02-05 17:22:46",100,0,56,0,58.4
87318,1,361,506,0,NULL,NULL,"2019-02-05 17:22:46",100,75,55,0,80.75
87319,1,361,509,0,NULL,NULL,"2019-02-05 17:22:46",31,88,80,0,53.9
87339,1,363,480,0,NULL,NULL,"2019-02-05 17:22:46",75,55,28,0,58.2
87340,1,363,489,0,NULL,NULL,"2019-02-05 17:22:46",75,36,28,0,52.5
87341,1,363,529,0,NULL,NULL,"2019-02-05 17:22:46",75,36,28,0,52.5
87342,1,363,539,0,NULL,NULL,"2019-02-05 17:22:46",75,55,28,0,58.2
87343,1,364,468,0,NULL,NULL,"2019-02-05 17:22:46",100,100,33,0,84.95
87344,1,364,469,0,NULL,NULL,"2019-02-05 17:22:46",100,29,9,0,60.05
87345,1,364,482,0,NULL,NULL,"2019-02-05 17:22:46",100,31,44,0,65.9
87346,1,364,495,0,NULL,NULL,"2019-02-05 17:22:46",100,14,16,0,56.6
87347,1,364,503,0,NULL,NULL,"2019-02-05 17:22:46",100,88,33,0,81.35
87390,1,366,466,0,NULL,NULL,"2019-02-05 17:22:47",100,43,17,0,65.45
87391,1,366,476,0,NULL,NULL,"2019-02-05 17:22:47",100,29,17,0,61.25
87392,1,366,491,0,NULL,NULL,"2019-02-05 17:22:47",100,14,23,0,57.65
87393,1,366,494,0,NULL,NULL,"2019-02-05 17:22:47",100,40,11,1,63.7
87394,1,366,502,0,NULL,NULL,"2019-02-05 17:22:47",100,36,42,0,67.1
87411,1,368,480,0,NULL,NULL,"2019-02-05 17:22:47",100,75,25,0,76.25
87412,1,368,489,0,NULL,NULL,"2019-02-05 17:22:47",100,62,25,0,72.35
87413,1,368,509,0,NULL,NULL,"2019-02-05 17:22:47",100,88,29,0,80.75
87414,1,368,529,0,NULL,NULL,"2019-02-05 17:22:47",100,50,26,0,68.9
87415,1,368,539,0,NULL,NULL,"2019-02-05 17:22:47",100,62,26,0,72.5
87421,1,371,490,0,NULL,NULL,"2019-02-05 17:22:47",100,4,52,1,59.05
87422,1,371,496,0,NULL,NULL,"2019-02-05 17:22:47",100,5,31,0,56.15
87423,1,371,513,0,NULL,NULL,"2019-02-05 17:22:47",100,5,38,1,57.25
87424,1,371,527,0,NULL,NULL,"2019-02-05 17:22:47",100,4,42,1,57.55
87425,1,371,579,0,NULL,NULL,"2019-02-05 17:22:47",100,9,22,0,56
87426,1,380,468,0,NULL,NULL,"2019-02-05 17:22:47",100,5,8,0,52.7
87427,1,380,469,0,NULL,NULL,"2019-02-05 17:22:47",100,0,2,0,50.3
87428,1,380,482,0,NULL,NULL,"2019-02-05 17:22:47",100,0,16,0,52.4
87429,1,380,495,0,NULL,NULL,"2019-02-05 17:22:47",100,0,10,0,51.5
87430,1,380,503,0,NULL,NULL,"2019-02-05 17:22:47",100,5,8,0,52.7
87442,1,385,490,0,NULL,NULL,"2019-02-05 17:22:47",100,15,32,0,59.3
87443,1,385,496,0,NULL,NULL,"2019-02-05 17:22:47",100,20,24,0,59.6
87444,1,385,513,0,NULL,NULL,"2019-02-05 17:22:47",100,18,33,0,60.35
87445,1,385,527,0,NULL,NULL,"2019-02-05 17:22:47",100,21,31,0,60.95
87446,1,385,579,0,NULL,NULL,"2019-02-05 17:22:47",100,17,13,0,57.05
87447,1,386,490,0,NULL,NULL,"2019-02-05 17:22:47",100,17,30,0,59.6
87448,1,386,496,0,NULL,NULL,"2019-02-05 17:22:47",100,33,28,0,64.1
87449,1,386,513,0,NULL,NULL,"2019-02-05 17:22:47",100,14,32,0,59
87450,1,386,527,0,NULL,NULL,"2019-02-05 17:22:47",100,19,35,0,60.95
87451,1,386,579,0,NULL,NULL,"2019-02-05 17:22:47",100,27,16,0,60.5
87452,1,387,490,0,NULL,NULL,"2019-02-05 17:22:47",100,24,41,1,63.4
87453,1,387,496,0,NULL,NULL,"2019-02-05 17:22:47",100,27,37,0,63.65
87454,1,387,513,0,NULL,NULL,"2019-02-05 17:22:47",100,62,52,1,76.45
87455,1,387,527,0,NULL,NULL,"2019-02-05 17:22:47",100,33,43,1,66.4
87456,1,387,579,0,NULL,NULL,"2019-02-05 17:22:47",100,29,18,0,61.4
87457,1,388,490,0,NULL,NULL,"2019-02-05 17:22:47",100,50,32,1,69.85
87458,1,388,496,0,NULL,NULL,"2019-02-05 17:22:47",100,15,28,0,58.7
87459,1,388,513,0,NULL,NULL,"2019-02-05 17:22:47",100,27,35,1,63.4
87460,1,388,527,0,NULL,NULL,"2019-02-05 17:22:47",100,20,32,1,60.85
87461,1,388,579,0,NULL,NULL,"2019-02-05 17:22:47",100,30,11,0,60.65
87462,1,389,490,0,NULL,NULL,"2019-02-05 17:22:47",100,52,38,1,71.35
87463,1,389,496,0,NULL,NULL,"2019-02-05 17:22:47",100,15,27,0,58.55
87464,1,389,513,0,NULL,NULL,"2019-02-05 17:22:47",100,28,32,1,63.25
87465,1,389,527,0,NULL,NULL,"2019-02-05 17:22:47",100,21,35,1,61.6
87466,1,389,579,0,NULL,NULL,"2019-02-05 17:22:47",100,27,18,0,60.8
87467,1,391,490,0,NULL,NULL,"2019-02-05 17:22:47",100,4,34,0,56.3
87468,1,391,496,0,NULL,NULL,"2019-02-05 17:22:47",100,5,30,0,56
87469,1,391,513,0,NULL,NULL,"2019-02-05 17:22:47",100,5,34,0,56.6
87470,1,391,527,0,NULL,NULL,"2019-02-05 17:22:47",100,4,35,0,56.45
87471,1,391,579,0,NULL,NULL,"2019-02-05 17:22:47",100,9,14,0,54.8
87472,1,392,490,0,NULL,NULL,"2019-02-05 17:22:47",100,4,34,0,56.3
87473,1,392,496,0,NULL,NULL,"2019-02-05 17:22:47",100,5,30,0,56
87474,1,392,513,0,NULL,NULL,"2019-02-05 17:22:47",100,5,34,0,56.6
87475,1,392,527,0,NULL,NULL,"2019-02-05 17:22:47",100,4,35,0,56.45
87476,1,392,579,0,NULL,NULL,"2019-02-05 17:22:47",100,9,14,0,54.8
87477,1,393,490,0,NULL,NULL,"2019-02-05 17:22:47",100,4,35,0,56.45
87478,1,393,496,0,NULL,NULL,"2019-02-05 17:22:47",100,5,31,0,56.15
87479,1,393,513,0,NULL,NULL,"2019-02-05 17:22:47",100,5,33,0,56.45
87480,1,393,527,0,NULL,NULL,"2019-02-05 17:22:47",100,4,33,0,56.15
87481,1,393,579,0,NULL,NULL,"2019-02-05 17:22:47",100,9,14,0,54.8
87482,1,394,490,0,NULL,NULL,"2019-02-05 17:22:47",100,4,36,0,56.6
87483,1,394,496,0,NULL,NULL,"2019-02-05 17:22:47",100,5,32,0,56.3
87484,1,394,513,0,NULL,NULL,"2019-02-05 17:22:47",100,5,32,0,56.3
87485,1,394,527,0,NULL,NULL,"2019-02-05 17:22:47",100,4,32,0,56
87486,1,394,579,0,NULL,NULL,"2019-02-05 17:22:47",100,9,16,0,55.1
87487,1,395,461,0,NULL,NULL,"2019-02-05 17:22:47",100,0,28,0,54.2
87488,1,395,473,0,NULL,NULL,"2019-02-05 17:22:47",100,0,29,0,54.35
87489,1,395,481,0,NULL,NULL,"2019-02-05 17:22:47",100,7,43,0,58.55
87490,1,395,485,0,NULL,NULL,"2019-02-05 17:22:47",100,23,49,0,64.25
87491,1,395,486,0,NULL,NULL,"2019-02-05 17:22:47",100,0,25,0,53.75
87518,1,399,468,0,NULL,NULL,"2019-02-05 17:22:47",100,5,10,0,53
87519,1,399,469,0,NULL,NULL,"2019-02-05 17:22:47",100,0,2,0,50.3
87520,1,399,482,0,NULL,NULL,"2019-02-05 17:22:47",100,0,23,0,53.45
87521,1,399,495,0,NULL,NULL,"2019-02-05 17:22:47",100,0,14,1,52.15
87522,1,399,503,0,NULL,NULL,"2019-02-05 17:22:47",100,5,10,0,53
87534,1,400,468,0,NULL,NULL,"2019-02-05 17:22:48",100,5,8,0,52.7
87535,1,400,469,0,NULL,NULL,"2019-02-05 17:22:48",100,0,2,0,50.3
87536,1,400,482,0,NULL,NULL,"2019-02-05 17:22:48",100,0,18,0,52.7
87537,1,400,495,0,NULL,NULL,"2019-02-05 17:22:48",100,0,9,0,51.35
87538,1,400,503,0,NULL,NULL,"2019-02-05 17:22:48",100,5,8,0,52.7
87550,1,401,577,0,NULL,NULL,"2019-02-05 17:22:48",100,0,30,0,54.5
87551,1,403,490,0,NULL,NULL,"2019-02-05 17:22:48",100,20,32,1,60.85
87552,1,403,496,0,NULL,NULL,"2019-02-05 17:22:48",100,20,28,0,60.2
87553,1,403,513,0,NULL,NULL,"2019-02-05 17:22:48",100,18,34,1,60.55
87554,1,403,527,0,NULL,NULL,"2019-02-05 17:22:48",100,25,29,0,61.85
87555,1,403,579,0,NULL,NULL,"2019-02-05 17:22:48",100,22,16,0,59
87556,1,411,461,0,NULL,NULL,"2019-02-05 17:22:48",100,20,29,0,60.35
87557,1,411,473,0,NULL,NULL,"2019-02-05 17:22:48",100,22,30,0,61.1
87558,1,411,481,0,NULL,NULL,"2019-02-05 17:22:48",100,53,56,0,74.3
87559,1,411,485,0,NULL,NULL,"2019-02-05 17:22:48",100,59,60,0,76.7
87560,1,411,486,0,NULL,NULL,"2019-02-05 17:22:48",100,25,28,0,61.7
87587,1,414,468,0,NULL,NULL,"2019-02-05 17:22:48",100,40,8,0,63.2
87588,1,414,469,0,NULL,NULL,"2019-02-05 17:22:48",100,44,4,0,63.8
87589,1,414,482,0,NULL,NULL,"2019-02-05 17:22:48",100,35,15,0,62.75
87590,1,414,495,0,NULL,NULL,"2019-02-05 17:22:48",100,33,8,0,61.1
87591,1,414,503,0,NULL,NULL,"2019-02-05 17:22:48",100,30,8,0,60.2
87603,1,415,463,0,NULL,NULL,"2019-02-05 17:22:48",100,0,31,0,54.65
87604,1,415,464,0,NULL,NULL,"2019-02-05 17:22:48",100,10,30,0,57.5
87605,1,415,467,0,NULL,NULL,"2019-02-05 17:22:48",100,15,36,0,59.9
87606,1,415,471,0,NULL,NULL,"2019-02-05 17:22:48",100,10,36,0,58.4
87607,1,415,472,0,NULL,NULL,"2019-02-05 17:22:48",100,14,36,0,59.6
87620,1,416,466,0,NULL,NULL,"2019-02-05 17:22:48",100,35,55,0,68.75
87621,1,416,476,0,NULL,NULL,"2019-02-05 17:22:48",100,35,55,0,68.75
87622,1,416,491,0,NULL,NULL,"2019-02-05 17:22:48",100,12,51,0,61.25
87623,1,416,494,0,NULL,NULL,"2019-02-05 17:22:48",100,62,31,0,73.25
87624,1,416,502,0,NULL,NULL,"2019-02-05 17:22:48",100,14,26,0,58.1
87641,1,418,461,0,NULL,NULL,"2019-02-05 17:22:48",100,0,16,0,52.4
87642,1,418,473,0,NULL,NULL,"2019-02-05 17:22:48",100,0,17,0,52.55
87643,1,418,481,0,NULL,NULL,"2019-02-05 17:22:48",100,14,18,0,56.9
87644,1,418,485,0,NULL,NULL,"2019-02-05 17:22:48",100,17,20,0,58.1
87645,1,418,486,0,NULL,NULL,"2019-02-05 17:22:48",100,0,13,0,51.95
87672,1,419,461,0,NULL,NULL,"2019-02-05 17:22:48",100,0,16,0,52.4
87673,1,419,473,0,NULL,NULL,"2019-02-05 17:22:48",100,0,17,0,52.55
87674,1,419,481,0,NULL,NULL,"2019-02-05 17:22:48",100,14,23,0,57.65
87675,1,419,485,0,NULL,NULL,"2019-02-05 17:22:48",100,17,21,0,58.25
87676,1,419,486,0,NULL,NULL,"2019-02-05 17:22:48",100,0,13,0,51.95
87703,1,420,461,0,NULL,NULL,"2019-02-05 17:22:48",100,8,34,0,57.5
87704,1,420,473,0,NULL,NULL,"2019-02-05 17:22:48",100,0,35,0,55.25
87705,1,420,481,0,NULL,NULL,"2019-02-05 17:22:48",100,9,40,0,58.7
87706,1,420,485,0,NULL,NULL,"2019-02-05 17:22:48",100,10,38,0,58.7
87707,1,420,486,0,NULL,NULL,"2019-02-05 17:22:48",100,0,40,0,56
87759,1,423,466,0,NULL,NULL,"2019-02-05 17:22:49",100,12,46,0,60.5
87760,1,423,476,0,NULL,NULL,"2019-02-05 17:22:49",100,12,49,0,60.95
87761,1,423,491,0,NULL,NULL,"2019-02-05 17:22:49",100,12,60,0,62.6
87762,1,423,494,0,NULL,NULL,"2019-02-05 17:22:49",100,17,9,0,56.45
87763,1,423,502,0,NULL,NULL,"2019-02-05 17:22:49",100,46,40,0,69.8
87780,1,424,468,0,NULL,NULL,"2019-02-05 17:22:49",100,33,22,0,63.2
87781,1,424,469,0,NULL,NULL,"2019-02-05 17:22:49",100,12,5,0,54.35
87782,1,424,482,0,NULL,NULL,"2019-02-05 17:22:49",100,13,23,0,57.35
87783,1,424,495,0,NULL,NULL,"2019-02-05 17:22:49",100,12,16,0,56
87784,1,424,503,0,NULL,NULL,"2019-02-05 17:22:49",100,33,17,0,62.45
87796,1,425,466,0,NULL,NULL,"2019-02-05 17:22:49",100,5,14,0,53.6
87797,1,425,476,0,NULL,NULL,"2019-02-05 17:22:49",100,5,14,0,53.6
87798,1,425,491,0,NULL,NULL,"2019-02-05 17:22:49",100,5,23,0,54.95
87799,1,425,494,0,NULL,NULL,"2019-02-05 17:22:49",100,0,10,0,51.5
87800,1,425,502,0,NULL,NULL,"2019-02-05 17:22:49",100,0,18,0,52.7
87821,1,428,468,0,NULL,NULL,"2019-02-05 17:22:49",100,29,11,0,60.35
87822,1,428,469,0,NULL,NULL,"2019-02-05 17:22:49",100,17,4,0,55.7
87823,1,428,482,0,NULL,NULL,"2019-02-05 17:22:49",100,36,23,0,64.25
87824,1,428,495,0,NULL,NULL,"2019-02-05 17:22:49",100,33,21,0,63.05
87825,1,428,503,0,NULL,NULL,"2019-02-05 17:22:49",100,29,11,0,60.35
87837,1,430,468,0,NULL,NULL,"2019-02-05 17:22:49",100,12,22,0,56.9
87838,1,430,482,0,NULL,NULL,"2019-02-05 17:22:49",100,29,26,0,62.6
87839,1,430,495,0,NULL,NULL,"2019-02-05 17:22:49",100,27,20,0,61.1
87840,1,430,503,0,NULL,NULL,"2019-02-05 17:22:49",100,24,22,0,60.5
87841,1,430,510,0,NULL,NULL,"2019-02-05 17:22:49",100,12,22,0,56.9
87852,1,431,463,0,NULL,NULL,"2019-02-05 17:22:49",100,0,46,0,56.9
87853,1,431,464,0,NULL,NULL,"2019-02-05 17:22:49",100,48,22,0,67.7
87854,1,431,467,0,NULL,NULL,"2019-02-05 17:22:49",100,35,33,0,65.45
87855,1,431,471,0,NULL,NULL,"2019-02-05 17:22:49",100,36,33,0,65.75
87856,1,431,472,0,NULL,NULL,"2019-02-05 17:22:49",100,37,36,0,66.5
87890,1,435,461,0,NULL,NULL,"2019-02-05 17:22:49",100,38,30,0,65.9
87891,1,435,473,0,NULL,NULL,"2019-02-05 17:22:49",100,42,31,0,67.25
87892,1,435,481,0,NULL,NULL,"2019-02-05 17:22:49",100,40,34,0,67.1
87893,1,435,485,0,NULL,NULL,"2019-02-05 17:22:49",100,22,34,0,61.7
87894,1,435,486,0,NULL,NULL,"2019-02-05 17:22:49",100,12,27,0,57.65
87921,1,437,460,0,NULL,NULL,"2019-02-05 17:22:49",100,25,30,1,62.05
87922,1,437,498,0,NULL,NULL,"2019-02-05 17:22:49",100,38,34,0,66.5
87923,1,437,525,0,NULL,NULL,"2019-02-05 17:22:49",100,0,31,0,54.65
87924,1,437,526,0,NULL,NULL,"2019-02-05 17:22:49",100,25,40,0,63.5
87925,1,437,536,0,NULL,NULL,"2019-02-05 17:22:49",100,38,38,0,67.1
87931,1,438,462,0,NULL,NULL,"2019-02-05 17:22:49",100,31,15,0,61.55
87932,1,438,470,0,NULL,NULL,"2019-02-05 17:22:49",100,0,20,0,53
87933,1,438,478,0,NULL,NULL,"2019-02-05 17:22:49",100,17,15,0,57.35
87934,1,438,479,0,NULL,NULL,"2019-02-05 17:22:49",100,25,14,0,59.6
87935,1,438,505,0,NULL,NULL,"2019-02-05 17:22:49",100,24,14,0,59.3
87947,1,441,461,0,NULL,NULL,"2019-02-05 17:22:50",100,19,36,0,61.1
87948,1,441,473,0,NULL,NULL,"2019-02-05 17:22:50",100,21,36,0,61.7
87949,1,441,481,0,NULL,NULL,"2019-02-05 17:22:50",100,40,36,0,67.4
87950,1,441,485,0,NULL,NULL,"2019-02-05 17:22:50",100,56,43,0,73.25
87951,1,441,486,0,NULL,NULL,"2019-02-05 17:22:50",100,24,38,0,62.9
87978,1,442,490,0,NULL,NULL,"2019-02-05 17:22:50",100,15,34,0,59.6
87979,1,442,496,0,NULL,NULL,"2019-02-05 17:22:50",100,12,30,0,58.1
87980,1,442,513,0,NULL,NULL,"2019-02-05 17:22:50",100,20,56,0,64.4
87981,1,442,527,0,NULL,NULL,"2019-02-05 17:22:50",100,17,42,0,61.4
87982,1,442,579,0,NULL,NULL,"2019-02-05 17:22:50",100,18,17,0,57.95
87993,1,445,468,0,NULL,NULL,"2019-02-05 17:22:50",100,31,12,0,61.1
87994,1,445,469,0,NULL,NULL,"2019-02-05 17:22:50",100,27,3,0,58.55
87995,1,445,482,0,NULL,NULL,"2019-02-05 17:22:50",100,28,20,0,61.4
87996,1,445,495,0,NULL,NULL,"2019-02-05 17:22:50",100,33,14,0,62
87997,1,445,503,0,NULL,NULL,"2019-02-05 17:22:50",100,25,12,0,59.3
88009,1,449,577,0,NULL,NULL,"2019-02-05 17:22:50",100,0,27,0,54.05
88010,1,455,468,0,NULL,NULL,"2019-02-05 17:22:50",100,5,21,0,54.65
88011,1,455,469,0,NULL,NULL,"2019-02-05 17:22:50",100,0,3,0,50.45
88012,1,455,482,0,NULL,NULL,"2019-02-05 17:22:50",100,0,22,0,53.3
88013,1,455,495,0,NULL,NULL,"2019-02-05 17:22:50",100,0,20,0,53
88014,1,455,503,0,NULL,NULL,"2019-02-05 17:22:50",100,5,21,0,54.65
88026,1,457,472,0,NULL,NULL,"2019-02-05 17:22:50",42,100,70,1,61.55
88027,1,458,461,0,NULL,NULL,"2019-02-05 17:22:50",100,50,39,0,70.85
88028,1,458,473,0,NULL,NULL,"2019-02-05 17:22:50",100,47,39,0,69.95
88029,1,458,481,0,NULL,NULL,"2019-02-05 17:22:50",100,26,33,0,62.75
88030,1,458,485,0,NULL,NULL,"2019-02-05 17:22:50",100,21,34,0,61.4
88031,1,458,486,0,NULL,NULL,"2019-02-05 17:22:50",100,29,36,0,64.1
88058,1,459,462,0,NULL,NULL,"2019-02-05 17:22:50",100,33,10,0,61.4
88059,1,459,470,0,NULL,NULL,"2019-02-05 17:22:50",100,0,15,0,52.25
88060,1,459,478,0,NULL,NULL,"2019-02-05 17:22:50",100,35,12,0,62.3
88061,1,459,479,0,NULL,NULL,"2019-02-05 17:22:50",100,95,15,1,80.8
88062,1,459,505,0,NULL,NULL,"2019-02-05 17:22:50",100,100,20,1,83.05
88064,1,645,490,0,NULL,NULL,"2019-02-05 19:45:38",100,24,31,0,61.85
88065,1,645,496,0,NULL,NULL,"2019-02-05 19:45:38",100,20,27,0,60.05
88066,1,645,513,0,NULL,NULL,"2019-02-05 19:45:38",100,14,36,0,59.6
88067,1,645,527,0,NULL,NULL,"2019-02-05 19:45:38",100,21,31,0,60.95
88068,1,645,579,0,NULL,NULL,"2019-02-05 19:45:38",100,26,14,0,59.9
88069,1,647,468,0,NULL,NULL,"2019-02-05 19:45:38",100,5,7,0,52.55
88070,1,647,469,0,NULL,NULL,"2019-02-05 19:45:38",100,0,4,0,50.6
88071,1,647,482,0,NULL,NULL,"2019-02-05 19:45:38",100,0,16,0,52.4
88072,1,647,495,0,NULL,NULL,"2019-02-05 19:45:38",100,0,8,0,51.2
88073,1,647,503,0,NULL,NULL,"2019-02-05 19:45:38",100,5,7,0,52.55
88085,1,648,466,0,NULL,NULL,"2019-02-05 19:45:38",100,29,20,0,61.7
88086,1,648,476,0,NULL,NULL,"2019-02-05 19:45:38",100,29,20,0,61.7
88087,1,648,491,0,NULL,NULL,"2019-02-05 19:45:38",100,14,15,0,56.45
88088,1,648,494,0,NULL,NULL,"2019-02-05 19:45:38",100,100,59,1,88.9
88089,1,648,502,0,NULL,NULL,"2019-02-05 19:45:38",100,18,16,0,57.8
88106,1,649,490,0,NULL,NULL,"2019-02-05 19:45:38",100,4,30,0,55.7
88107,1,649,496,0,NULL,NULL,"2019-02-05 19:45:38",100,5,24,0,55.1
88108,1,649,513,0,NULL,NULL,"2019-02-05 19:45:38",100,5,35,0,56.75
88109,1,649,527,0,NULL,NULL,"2019-02-05 19:45:38",100,4,29,0,55.55
88110,1,649,579,0,NULL,NULL,"2019-02-05 19:45:38",100,9,14,0,54.8
88111,1,650,466,0,NULL,NULL,"2019-02-05 19:45:38",100,29,33,0,63.65
88112,1,650,476,0,NULL,NULL,"2019-02-05 19:45:38",100,29,33,0,63.65
88113,1,650,491,0,NULL,NULL,"2019-02-05 19:45:38",100,14,35,0,59.45
88114,1,650,494,0,NULL,NULL,"2019-02-05 19:45:38",100,100,12,1,81.85
88115,1,650,502,0,NULL,NULL,"2019-02-05 19:45:38",100,18,29,0,59.75
88132,1,651,466,0,NULL,NULL,"2019-02-05 19:45:38",100,29,37,0,64.25
88133,1,651,476,0,NULL,NULL,"2019-02-05 19:45:38",100,14,27,0,58.25
88134,1,651,491,0,NULL,NULL,"2019-02-05 19:45:38",100,29,24,0,62.3
88135,1,651,494,0,NULL,NULL,"2019-02-05 19:45:38",100,20,11,0,57.65
88136,1,651,502,0,NULL,NULL,"2019-02-05 19:45:38",100,36,32,0,65.6
88184,1,653,490,0,NULL,NULL,"2019-02-05 19:45:38",38,92,43,1,53.1
88185,1,655,490,0,NULL,NULL,"2019-02-05 19:45:38",100,17,32,0,59.9
88186,1,655,496,0,NULL,NULL,"2019-02-05 19:45:38",100,22,25,0,60.35
88187,1,655,513,0,NULL,NULL,"2019-02-05 19:45:38",100,35,32,0,65.3
88188,1,655,527,0,NULL,NULL,"2019-02-05 19:45:38",100,27,27,0,62.15
88189,1,655,579,0,NULL,NULL,"2019-02-05 19:45:38",100,19,13,0,57.65
88190,1,656,468,0,NULL,NULL,"2019-02-05 19:45:38",100,36,22,0,64.1
88191,1,656,469,0,NULL,NULL,"2019-02-05 19:45:38",100,44,12,0,65
88192,1,656,482,0,NULL,NULL,"2019-02-05 19:45:38",100,25,54,0,65.6
88193,1,656,495,0,NULL,NULL,"2019-02-05 19:45:38",100,22,15,0,58.85
88194,1,656,503,0,NULL,NULL,"2019-02-05 19:45:38",100,18,22,0,58.7
88206,1,657,577,0,NULL,NULL,"2019-02-05 19:45:38",100,26,32,0,62.6
88207,1,659,490,0,NULL,NULL,"2019-02-05 19:45:38",100,11,34,0,58.4
88208,1,659,496,0,NULL,NULL,"2019-02-05 19:45:38",100,25,30,0,62
88209,1,659,513,0,NULL,NULL,"2019-02-05 19:45:38",100,21,34,0,61.4
88210,1,659,527,0,NULL,NULL,"2019-02-05 19:45:38",100,31,34,0,64.4
88211,1,659,579,0,NULL,NULL,"2019-02-05 19:45:38",100,20,16,0,58.4
88212,1,660,511,0,NULL,NULL,"2019-02-05 19:45:38",100,0,33,0,54.95
88213,1,662,468,0,NULL,NULL,"2019-02-05 19:45:38",100,25,17,0,60.05
88214,1,662,469,0,NULL,NULL,"2019-02-05 19:45:38",100,36,11,0,62.45
88215,1,662,482,0,NULL,NULL,"2019-02-05 19:45:38",100,29,25,0,62.45
88216,1,662,495,0,NULL,NULL,"2019-02-05 19:45:39",100,36,14,0,62.9
88217,1,662,503,0,NULL,NULL,"2019-02-05 19:45:39",100,17,15,0,57.35
88229,1,663,552,0,NULL,NULL,"2019-02-05 19:45:39",100,89,82,1,89.05
88245,1,668,465,0,NULL,NULL,"2019-02-05 19:45:39",100,54,23,0,69.65
88246,1,668,474,0,NULL,NULL,"2019-02-05 19:45:39",100,52,24,0,69.2
88247,1,668,484,0,NULL,NULL,"2019-02-05 19:45:39",100,50,22,0,68.3
88248,1,668,620,0,NULL,NULL,"2019-02-05 19:45:39",100,83,71,0,85.55
88249,1,668,623,0,NULL,NULL,"2019-02-05 19:45:39",100,63,17,0,71.45
88250,1,669,577,0,NULL,NULL,"2019-02-05 19:45:39",100,26,29,0,62.15
88251,1,670,475,0,NULL,NULL,"2019-02-05 19:45:39",100,11,33,0,58.25
88252,1,670,545,0,NULL,NULL,"2019-02-05 19:45:39",100,6,24,1,55.45
88253,1,670,546,0,NULL,NULL,"2019-02-05 19:45:39",100,41,48,0,69.5
88254,1,670,555,0,NULL,NULL,"2019-02-05 19:45:39",100,41,39,0,68.15
88255,1,670,557,0,NULL,NULL,"2019-02-05 19:45:39",100,14,19,0,57.05
88260,1,672,533,0,NULL,NULL,"2019-02-05 19:45:39",100,51,28,1,69.55
88261,1,672,553,0,NULL,NULL,"2019-02-05 19:45:39",100,21,23,1,59.8
88262,1,674,487,0,NULL,NULL,"2019-02-05 19:45:39",100,70,58,0,79.7
88263,1,674,603,0,NULL,NULL,"2019-02-05 19:45:39",100,70,32,0,75.8
88264,1,675,468,0,NULL,NULL,"2019-02-05 19:45:39",100,46,18,0,66.5
88265,1,675,469,0,NULL,NULL,"2019-02-05 19:45:39",100,55,16,0,68.9
88266,1,675,482,0,NULL,NULL,"2019-02-05 19:45:39",100,80,56,0,82.4
88267,1,675,495,0,NULL,NULL,"2019-02-05 19:45:39",100,36,20,0,63.8
88268,1,675,503,0,NULL,NULL,"2019-02-05 19:45:39",100,31,18,0,62
88280,1,676,490,0,NULL,NULL,"2019-02-05 19:45:39",100,30,62,1,68.35
88281,1,676,496,0,NULL,NULL,"2019-02-05 19:45:39",100,25,46,0,64.4
88282,1,676,513,0,NULL,NULL,"2019-02-05 19:45:39",100,80,50,1,81.55
88283,1,676,527,0,NULL,NULL,"2019-02-05 19:45:39",100,42,50,0,70.1
88284,1,676,579,0,NULL,NULL,"2019-02-05 19:45:39",100,18,19,0,58.25
88285,1,677,461,0,NULL,NULL,"2019-02-05 19:45:39",100,38,48,0,68.6
88286,1,677,473,0,NULL,NULL,"2019-02-05 19:45:39",100,42,49,0,69.95
88287,1,677,481,0,NULL,NULL,"2019-02-05 19:45:39",100,30,40,0,65
88288,1,677,485,0,NULL,NULL,"2019-02-05 19:45:39",100,22,41,1,62.8
88289,1,677,486,0,NULL,NULL,"2019-02-05 19:45:39",100,12,38,0,59.3
88316,1,678,468,0,NULL,NULL,"2019-02-05 19:45:39",100,0,15,0,52.25
88317,1,678,469,0,NULL,NULL,"2019-02-05 19:45:39",100,22,0,0,56.6
88318,1,678,482,0,NULL,NULL,"2019-02-05 19:45:39",100,50,52,0,72.8
88319,1,678,495,0,NULL,NULL,"2019-02-05 19:45:39",100,22,14,0,58.7
88320,1,678,503,0,NULL,NULL,"2019-02-05 19:45:39",100,0,15,0,52.25
88332,1,680,490,0,NULL,NULL,"2019-02-05 19:45:39",100,20,30,0,60.5
88333,1,680,496,0,NULL,NULL,"2019-02-05 19:45:39",100,21,23,0,59.75
88334,1,680,513,0,NULL,NULL,"2019-02-05 19:45:39",100,19,34,0,60.8
88335,1,680,527,0,NULL,NULL,"2019-02-05 19:45:39",100,17,30,0,59.6
88336,1,680,579,0,NULL,NULL,"2019-02-05 19:45:39",100,23,16,0,59.3
88368,1,682,511,0,NULL,NULL,"2019-02-05 19:45:40",100,12,55,0,61.85
88410,1,687,490,0,NULL,NULL,"2019-02-05 19:45:40",100,21,28,0,60.5
88411,1,687,496,0,NULL,NULL,"2019-02-05 19:45:40",100,17,25,0,58.85
88412,1,687,513,0,NULL,NULL,"2019-02-05 19:45:40",100,16,32,0,59.6
88413,1,687,527,0,NULL,NULL,"2019-02-05 19:45:40",100,22,28,0,60.8
88414,1,687,579,0,NULL,NULL,"2019-02-05 19:45:40",100,19,13,0,57.65
88415,1,689,492,0,NULL,NULL,"2019-02-05 19:45:40",100,40,24,0,65.6
88416,1,689,493,0,NULL,NULL,"2019-02-05 19:45:40",100,40,24,1,65.65
88417,1,689,507,0,NULL,NULL,"2019-02-05 19:45:40",100,50,26,1,68.95
88418,1,689,519,0,NULL,NULL,"2019-02-05 19:45:40",100,40,24,0,65.6
88419,1,689,520,0,NULL,NULL,"2019-02-05 19:45:40",100,50,23,1,68.5
88425,1,690,490,0,NULL,NULL,"2019-02-05 19:45:40",100,0,29,0,54.35
88426,1,690,496,0,NULL,NULL,"2019-02-05 19:45:40",100,0,24,0,53.6
88427,1,690,513,0,NULL,NULL,"2019-02-05 19:45:40",100,0,29,0,54.35
88428,1,690,527,0,NULL,NULL,"2019-02-05 19:45:40",100,0,37,0,55.55
88429,1,690,579,0,NULL,NULL,"2019-02-05 19:45:40",100,0,17,0,52.55
88461,1,694,466,0,NULL,NULL,"2019-02-05 19:45:40",100,14,20,0,57.2
88462,1,694,476,0,NULL,NULL,"2019-02-05 19:45:40",100,29,24,0,62.3
88463,1,694,491,0,NULL,NULL,"2019-02-05 19:45:40",100,29,23,0,62.15
88464,1,694,494,0,NULL,NULL,"2019-02-05 19:45:40",100,20,4,0,56.6
88465,1,694,502,0,NULL,NULL,"2019-02-05 19:45:40",100,36,33,0,65.75
88482,1,695,466,0,NULL,NULL,"2019-02-05 19:45:40",100,29,24,0,62.3
88483,1,695,476,0,NULL,NULL,"2019-02-05 19:45:40",100,14,20,0,57.2
88484,1,695,491,0,NULL,NULL,"2019-02-05 19:45:40",100,29,23,0,62.15
88485,1,695,494,0,NULL,NULL,"2019-02-05 19:45:40",100,20,4,0,56.6
88486,1,695,502,0,NULL,NULL,"2019-02-05 19:45:40",100,36,30,0,65.3
88503,1,696,466,0,NULL,NULL,"2019-02-05 19:45:40",100,11,25,0,57.05
88504,1,696,476,0,NULL,NULL,"2019-02-05 19:45:40",100,21,26,1,60.25
88505,1,696,491,0,NULL,NULL,"2019-02-05 19:45:40",100,32,29,0,63.95
88506,1,696,494,0,NULL,NULL,"2019-02-05 19:45:40",100,13,3,0,54.35
88507,1,696,502,0,NULL,NULL,"2019-02-05 19:45:40",100,25,30,0,62
88524,1,697,466,0,NULL,NULL,"2019-02-05 19:45:40",100,14,20,0,57.2
88525,1,697,476,0,NULL,NULL,"2019-02-05 19:45:40",100,14,21,0,57.35
88526,1,697,491,0,NULL,NULL,"2019-02-05 19:45:40",100,43,23,0,66.35
88527,1,697,494,0,NULL,NULL,"2019-02-05 19:45:40",100,20,4,0,56.6
88528,1,697,502,0,NULL,NULL,"2019-02-05 19:45:40",100,36,31,0,65.45
88545,1,699,466,0,NULL,NULL,"2019-02-05 19:45:41",92,5,30,0,52
88546,1,699,476,0,NULL,NULL,"2019-02-05 19:45:41",92,5,30,0,52
88547,1,699,491,0,NULL,NULL,"2019-02-05 19:45:41",92,5,39,0,53.35
88548,1,699,502,0,NULL,NULL,"2019-02-05 19:45:41",92,0,34,0,51.1
88549,1,699,516,0,NULL,NULL,"2019-02-05 19:45:41",92,0,33,1,51
88573,1,703,490,0,NULL,NULL,"2019-02-05 19:45:41",100,4,30,0,55.7
88574,1,703,496,0,NULL,NULL,"2019-02-05 19:45:41",100,5,25,0,55.25
88575,1,703,513,0,NULL,NULL,"2019-02-05 19:45:41",100,5,30,0,56
88576,1,703,527,0,NULL,NULL,"2019-02-05 19:45:41",100,4,26,0,55.1
88577,1,703,579,0,NULL,NULL,"2019-02-05 19:45:41",100,9,35,0,57.95
88578,1,704,466,0,NULL,NULL,"2019-02-05 19:45:41",100,11,25,0,57.05
88579,1,704,476,0,NULL,NULL,"2019-02-05 19:45:41",100,22,25,0,60.35
88580,1,704,491,0,NULL,NULL,"2019-02-05 19:45:41",100,33,33,0,64.85
88581,1,704,494,0,NULL,NULL,"2019-02-05 19:45:41",100,14,4,1,54.85
88582,1,704,502,0,NULL,NULL,"2019-02-05 19:45:41",100,13,27,0,57.95
88599,1,706,460,0,NULL,NULL,"2019-02-05 19:45:41",100,0,33,0,54.95
88600,1,706,498,0,NULL,NULL,"2019-02-05 19:45:41",100,0,30,1,54.55
88601,1,706,525,0,NULL,NULL,"2019-02-05 19:45:41",100,0,29,0,54.35
88602,1,706,526,0,NULL,NULL,"2019-02-05 19:45:41",100,0,36,0,55.4
88603,1,706,536,0,NULL,NULL,"2019-02-05 19:45:41",100,0,35,1,55.3
88609,1,712,460,0,NULL,NULL,"2019-02-05 19:45:41",100,0,35,0,55.25
88610,1,712,498,0,NULL,NULL,"2019-02-05 19:45:41",100,0,62,1,59.35
88611,1,712,525,0,NULL,NULL,"2019-02-05 19:45:41",100,0,38,0,55.7
88612,1,712,526,0,NULL,NULL,"2019-02-05 19:45:41",100,0,45,0,56.75
88613,1,712,536,0,NULL,NULL,"2019-02-05 19:45:41",100,0,68,1,60.25
